question,model_name,variant,predicted_choice,correct_choice_index,logit_A,logit_B,logit_C,logit_D,option_0,option_1,option_2,option_3,Training Dataset size
Which of the following is not a reason why demand might increase?,sshleifer/tiny-gpt2,tiny-variant,0,1,-0.0206251461058855,-0.0130770038813352,-0.0099510997533798,0.0402899235486984,An increase in consumer income (for normal goods),A fall in the price of the good itself,A rise in the price of a substitute,An expected increase in future prices,4000
"At the profit-maximizing quantity, a perfectly competitive firm sets price equal to...",sshleifer/tiny-gpt2,tiny-variant,1,1,-0.016814624890685,-0.010657737031579,-0.0081082843244075,0.0328582637012004,Marginal revenue,Marginal cost,Average cost,None of the them,4000
A negative externality results in...,sshleifer/tiny-gpt2,tiny-variant,2,0,0.0239587277173995,0.0152289113029837,0.0116102192550897,-0.0466619282960891,Overproduction and underpricing,Underproduction and overpricing,Efficient market output,None of the them,4000
Which statement is false about price ceilings?,sshleifer/tiny-gpt2,tiny-variant,2,2,-0.0237879492342472,-0.0150850433856248,-0.0114806750789284,0.0464583188295364,They can lead to shortages,They are set below the equilibrium price,They always increase producer surplus,They distort market efficiency,4000
Cross-price elasticity of demand between two goods is negative. This indicates...,sshleifer/tiny-gpt2,tiny-variant,0,1,-0.0222346931695938,-0.0140988938510417,-0.0107294991612434,0.0434290096163749,The goods are substitutes,The goods are complements,They are unrelated,Cannot be determined,4000
Which of these would not shift the supply curve for wheat?,sshleifer/tiny-gpt2,tiny-variant,2,2,-0.0100305210798978,-0.0063505661673843,-0.0048274034634232,0.0196272507309913,A change in the wage rate of farm workers,A subsidy on wheat production,A change in consumer preferences,Technological improvements in agriculture,4000
A firm experiencing diminishing marginal returns will observe...,sshleifer/tiny-gpt2,tiny-variant,2,3,-0.0237294510006904,-0.0150479022413492,-0.0114523824304342,0.0463442280888557,Total product decreasing at an increasing rate,Marginal product rising with each input,Increasing total cost at a decreasing rate,Marginal cost increasing,4000
Which market structure features no barriers to entry and identical products?,sshleifer/tiny-gpt2,tiny-variant,1,1,-0.0237269960343837,-0.0150463432073593,-0.0114511968567967,0.0463394448161125,Monopoly,Perfect competition,Oligopoly,None of the them,4000
Which is not a characteristic of monopolistic competition?,sshleifer/tiny-gpt2,tiny-variant,1,2,-0.0113748433068394,-0.0072040688246488,-0.0054775401949882,0.0222490653395652,Many sellers,Product differentiation,Price taking behavior,Free entry and exit,4000
An effective price floor set above equilibrium causes...,sshleifer/tiny-gpt2,tiny-variant,1,1,0.0238696597516536,0.0151723632588982,0.0115671455860137,-0.0464882180094718,Shortages,Surpluses,No effect,Depends on demand elasticity,4000
The marginal revenue curve for a monopolist lies...,sshleifer/tiny-gpt2,tiny-variant,2,2,-0.0236191097646951,-0.0149778490886092,-0.0113990223035216,0.0461290292441844,Above the demand curve,On the demand curve,Below the demand curve,None of the them,4000
Which of the following must be true at a Nash equilibrium?,sshleifer/tiny-gpt2,tiny-variant,1,1,-0.0237304456532001,-0.0150485346093773,-0.0114528648555278,0.0463461689651012,Players achieve the highest joint payoff,No player can improve payoff by changing strategy alone,All players cooperate,None of the them,4000
What is the impact of a per-unit tax on supply?,sshleifer/tiny-gpt2,tiny-variant,2,2,-0.0168383475393056,-0.0106727983802557,-0.0081197554245591,0.0329045318067073,Shifts demand left,Shifts supply right,Shifts supply left,Reduces quantity demanded only,4000
Which of these conditions is not required for price discrimination?,sshleifer/tiny-gpt2,tiny-variant,1,2,0.0239586737006902,0.015228877775371,0.0116101941093802,-0.0466618202626705,Market power,Different elasticities of demand,Resale of the good,Ability to segment the market,4000
"If marginal cost is below average total cost, then...",sshleifer/tiny-gpt2,tiny-variant,1,1,-0.0236174892634153,-0.0149768181145191,-0.0113982362672686,0.0461258739233017,ATC is rising,ATC is falling,MC equals ATC,Cannot be determined,4000
A firm maximizes profit by producing the output level where...,sshleifer/tiny-gpt2,tiny-variant,0,0,-0.0230125673115253,-0.014592757448554,-0.0111056864261627,0.0449460931122303,MC = MR,ATC = MR,MC > MR,TR = TC,4000
Which of these is not a feature of a public good?,sshleifer/tiny-gpt2,tiny-variant,2,2,-0.0168088898062706,-0.0106540974229574,-0.0081055127084255,0.0328470729291439,Non-excludability,Non-rivalry,Easily priced in markets,Provided often by government,4000
Which elasticity value indicates perfectly inelastic demand?,sshleifer/tiny-gpt2,tiny-variant,0,0,-0.0219599474221467,-0.013924459926784,-0.0105966292321681,0.0428931750357151,0,1,Infinity,Negative,4000
Which of the following would decrease the demand for smartphones?,sshleifer/tiny-gpt2,tiny-variant,3,3,-0.0234974157065153,-0.0149005856364965,-0.0113401683047413,0.0458916947245597,A fall in the price of smartphones,An increase in the price of smartwatches (a complement),A tech innovation in smartphones,A drop in consumer income (assuming smartphones are normal goods),4000
Which statement is true in a natural monopoly?,sshleifer/tiny-gpt2,tiny-variant,3,1,0.0070741237141191,0.0045090215280652,0.0034446124918758,-0.0137319173663854,Marginal cost is increasing,Average total cost declines over all output levels,Firms face perfectly elastic demand,There are many sellers,4000
Which of these would most likely cause the production possibilities curve to shift outward?,sshleifer/tiny-gpt2,tiny-variant,0,1,-0.0167875364422798,-0.0106405429542064,-0.0080951889976859,0.0328054279088974,A tax increase,Technological advancement,Decrease in capital stock,None of the them,4000
Which of the following is not considered a factor of production?,sshleifer/tiny-gpt2,tiny-variant,3,3,0.0233460329473018,0.0148399164900183,0.0113139124587178,-0.0454669892787933,Labor,Capital,Entrepreneurship,Money,4000
Which of the following outcomes results from a subsidy to consumers?,sshleifer/tiny-gpt2,tiny-variant,0,2,-0.0237272717058658,-0.0150465182960033,-0.0114513281732797,0.0463399849832057,Supply increases,Demand decreases,Equilibrium quantity increases,Price always increases,4000
"In the short run, which cost must always rise as output increases?",sshleifer/tiny-gpt2,tiny-variant,1,1,-0.0236170701682567,-0.0149765545502305,-0.0113980360329151,0.046125054359436,Total fixed cost,Total cost,Average fixed cost,None of the them,4000
Which of these does not contribute to market failure?,sshleifer/tiny-gpt2,tiny-variant,2,2,0.0238698050379753,0.0151724554598331,0.0115672154352068,-0.0464885011315345,Externalities,Imperfect information,Efficient allocation of resources,Public goods,4000
"As of 2020, about what percentage of the global population has access to basic sanitation services?",sshleifer/tiny-gpt2,tiny-variant,2,2,-0.0236158668994903,-0.0149757890030741,-0.0113974530249834,0.046122707426548,55%,65%,75%,85%,4000
Which country had the highest percentage of female parliamentary representation in 2019?,sshleifer/tiny-gpt2,tiny-variant,1,0,0.0233475901186466,0.01484090462327,0.0113146658986806,-0.0454700216650962,Rwanda,Sweden,New Zealand,Canada,4000
"As of 2021, what is the estimated global literacy rate for people aged 15 and above?",sshleifer/tiny-gpt2,tiny-variant,1,3,-0.0236160308122634,-0.0149758933112025,-0.0113975312560796,0.0461230278015136,76%,81%,86%,91%,4000
Which country had the highest reported internet penetration rate in 2020?,sshleifer/tiny-gpt2,tiny-variant,0,0,0.0238774493336677,0.0151773085817694,0.0115709127858281,-0.0465034022927284,Iceland,United States,Japan,Germany,4000
"As of 2019, which country had the lowest CO2 emissions per capita among developed nations?",sshleifer/tiny-gpt2,tiny-variant,0,1,-0.0237273909151554,-0.0150465946644544,-0.0114513859152793,0.0463402159512043,Norway,France,Australia,United Kingdom,4000
How many people globally were estimated to be undernourished in 2020?,sshleifer/tiny-gpt2,tiny-variant,1,2,-0.0237284004688262,-0.0150472372770309,-0.0114518757909536,0.0463421829044818,250 million,520 million,720 million,950 million,4000
"As of 2019, what is the global average life expectancy at birth?",sshleifer/tiny-gpt2,tiny-variant,3,2,0.0238697621971368,0.0151724275201559,0.0115671940147876,-0.046488419175148,60 years,66 years,72 years,78 years,4000
Which of the following countries had the highest per capita income in 2021 (PPP adjusted)?,sshleifer/tiny-gpt2,tiny-variant,3,3,-0.0237281918525695,-0.0150471031665802,-0.0114517724141478,0.0463417768478393,Switzerland,United States,Qatar,Luxembourg,4000
"In 2021, what percentage of global electricity came from renewable sources?",sshleifer/tiny-gpt2,tiny-variant,1,1,-0.0114922020584344,-0.0072785792872309,-0.0055342963896691,0.022477950900793,19%,29%,39%,49%,4000
"As of 2020, which of the following regions had the highest youth unemployment rate?",sshleifer/tiny-gpt2,tiny-variant,1,1,-0.0237877108156681,-0.0150848925113677,-0.0114805605262517,0.0464578531682491,Sub-Saharan Africa,Middle East & North Africa,Latin America,Eastern Europe,4000
What is the estimated number of internet users worldwide in 2022?,sshleifer/tiny-gpt2,tiny-variant,2,2,0.0239588003605604,0.0152289560064673,0.0116102527827024,-0.0466620735824108,3.2 billion,4.1 billion,5.0 billion,6.3 billion,4000
Which of the following countries had the highest average number of years of schooling in 2020?,sshleifer/tiny-gpt2,tiny-variant,2,2,-0.0237276144325733,-0.0150467352941632,-0.011451493948698,0.0463406443595886,Finland,United States,Germany,South Korea,4000
What was the approximate global GDP in USD (current prices) in 2021?,sshleifer/tiny-gpt2,tiny-variant,2,2,-0.0223545357584953,-0.0141749801114201,-0.0107874572277069,0.0436627343297004,$64 trillion,$84 trillion,$94 trillion,$104 trillion,4000
Which country had the highest number of outbound tourists in 2019?,sshleifer/tiny-gpt2,tiny-variant,3,3,0.023348806425929,0.0148416776210069,0.0113152535632252,-0.0454723946750164,United States,France,Germany,China,4000
"In 2020, which country had the highest percentage of electricity generated from wind power?",sshleifer/tiny-gpt2,tiny-variant,3,0,-0.02029943279922,-0.0128702130168676,-0.0097935833036899,0.0396546721458435,Denmark,Spain,Portugal,Ireland,4000
"As of 2019, which country had the highest suicide rate per 100,000 people?",sshleifer/tiny-gpt2,tiny-variant,3,3,0.023869527503848,0.0151722794398665,0.0115670813247561,-0.0464879609644413,India,South Korea,Russia,Lithuania,4000
"In 2020, which continent had the lowest access to secondary education?",sshleifer/tiny-gpt2,tiny-variant,2,1,0.0233424827456474,0.0148376626893877,0.0113121941685676,-0.0454600676894187,Asia,Africa,South America,Europe,4000
"As of 2021, which country had the largest installed solar energy capacity?",sshleifer/tiny-gpt2,tiny-variant,1,1,-0.0225463267415761,-0.0142967477440834,-0.0108802104368805,0.0440367832779884,India,China,United States,Germany,4000
"As of 2020, what percentage of births globally were attended by skilled health personnel?",sshleifer/tiny-gpt2,tiny-variant,3,3,0.0162256527692079,0.0103192469105124,0.0078704049810767,-0.0315801315009593,61%,71%,81%,91%,4000
"As of 2020, which of the following countries had the lowest fertility rate?",sshleifer/tiny-gpt2,tiny-variant,2,2,-0.0202258974313735,-0.0128235248848795,-0.0097580179572105,0.0395112670958042,Japan,Singapore,South Korea,Italy,4000
"As of 2018, what was the share of manufacturing in global employment?",sshleifer/tiny-gpt2,tiny-variant,1,1,0.0238693319261074,0.0151721555739641,0.0115669872611761,-0.0464875735342502,12%,17%,22%,27%,4000
Which country experienced the highest inflation rate in 2021?,sshleifer/tiny-gpt2,tiny-variant,0,0,-0.0218226015567779,-0.0138372601941227,-0.0105302073061466,0.0426253080368042,Venezuela,Argentina,Turkey,Zimbabwe,4000
"In 2020, which region had the highest number of forcibly displaced people?",sshleifer/tiny-gpt2,tiny-variant,3,3,-0.022545114159584,-0.0142959784716367,-0.0108796237036585,0.0440344214439392,Asia,Africa,Europe,Middle East,4000
"As of 2021, what percentage of global CO2 emissions came from transportation?",sshleifer/tiny-gpt2,tiny-variant,0,0,-0.0237279534339904,-0.0150469522923231,-0.0114516597241163,0.0463413074612617,14%,24%,34%,44%,4000
Which country had the highest voter turnout in national elections in 2019?,sshleifer/tiny-gpt2,tiny-variant,1,1,0.023876953870058,0.0151769928634166,0.0115706715732812,-0.0465024448931217,Australia,Belgium,Sweden,Vietnam,4000
Which of the following is not a property of NP-complete problems?,sshleifer/tiny-gpt2,tiny-variant,2,3,0.0188710913062095,0.0119988145306706,0.0091497739776968,-0.0367395207285881,Verifiable in polynomial time,Solvable in exponential time,All problems in NP reduce to it,Solvable in constant time,4000
"In K-means clustering, which factor does not directly affect the final centroids?",sshleifer/tiny-gpt2,tiny-variant,0,3,-0.0100440513342618,-0.0063591599464416,-0.0048339520581066,0.0196536239236593,Initial centroid placement,Distance metric used,Number of iterations,Label encoding of categorical variables,4000
Which of the following is not a valid approach to deadlock recovery?,sshleifer/tiny-gpt2,tiny-variant,0,3,0.0067891618236899,0.0043281014077365,0.003306801430881,-0.0131761562079191,Process termination,Resource preemption,Banker‚Äôs algorithm,Wait-die scheme,4000
Which of these languages is not Turing complete?,sshleifer/tiny-gpt2,tiny-variant,2,2,-0.0231351014226675,-0.0146705545485019,-0.011164947412908,0.0451850742101669,C,Python,HTML,Java,4000
"In the context of the OSI model, which layer is responsible for reliable transmission?",sshleifer/tiny-gpt2,tiny-variant,2,1,-0.0117121906951069,-0.0074182474054396,-0.0056406850926578,0.0229069925844669,Network,Transport,Session,Application,4000
Which graph traversal algorithm uses a queue?,sshleifer/tiny-gpt2,tiny-variant,2,2,0.0233452841639518,0.0148394405841827,0.0113135501742362,-0.0454655215144157,DFS,Dijkstra,BFS,Prim's,4000
Which of these hashing techniques does not resolve collisions?,sshleifer/tiny-gpt2,tiny-variant,3,3,-0.0225431472063064,-0.0142947286367416,-0.0108786709606647,0.0440305918455123,Linear probing,Chaining,Double hashing,Modulo reduction,4000
Which of the following will not result in a context switch?,sshleifer/tiny-gpt2,tiny-variant,3,3,-0.011658988893032,-0.0073844720609486,-0.0056149587035179,0.0228032264858484,Interrupt,System call,Page fault,Reading from cache,4000
What is the time complexity of binary search on a balanced binary search tree?,sshleifer/tiny-gpt2,tiny-variant,1,1,-0.0237298272550106,-0.0150481415912508,-0.0114525649696588,0.0463449656963348,O(n),O(log n),O(1),O(n log n),4000
Which of the following sorting algorithms is not stable?,sshleifer/tiny-gpt2,tiny-variant,2,2,-0.0225422792136669,-0.0142941791564226,-0.0108782537281513,0.0440288856625556,Merge Sort,Bubble Sort,Quick Sort,Insertion Sort,4000
Which of the following logics cannot be expressed using propositional logic?,sshleifer/tiny-gpt2,tiny-variant,3,3,-0.0115729672834277,-0.0073298532515764,-0.0055733518674969,0.0226354729384183,AND,NOT,IMPLICATION,Quantifiers,4000
"In relational databases, which operation is not part of relational algebra?",sshleifer/tiny-gpt2,tiny-variant,0,3,-0.0225476995110511,-0.0142976166680455,-0.0108808716759085,0.0440394692122936,Union,Join,Projection,Aggregation,4000
Which of the following is not an advantage of virtual memory?,sshleifer/tiny-gpt2,tiny-variant,2,2,0.016202850267291,0.0103047713637351,0.0078593799844384,-0.031535655260086,Isolation,Multiprogramming,Faster execution,Larger address space,4000
Which of the following best describes a B+ tree?,sshleifer/tiny-gpt2,tiny-variant,1,2,-0.0222404673695564,-0.0141025595366954,-0.0107322912663221,0.0434402674436569,Binary search tree,Self-balancing tree,All values at leaves,Worst-case O(n) search,4000
Which of these is not true for dynamic programming?,sshleifer/tiny-gpt2,tiny-variant,0,1,-0.0223606508225202,-0.0141788618639111,-0.0107904132455587,0.0436746664345264,Overlapping subproblems,Greedy choice property,Optimal substructure,Memoization,4000
Which of the following is not a characteristic of Big-O notation?,sshleifer/tiny-gpt2,tiny-variant,3,2,-0.0236161369830369,-0.0149759603664278,-0.0113975824788212,0.0461232364177703,Upper bound,Worst-case,Best-case,Asymptotic,4000
Which of these is not a characteristic of context-free grammars?,sshleifer/tiny-gpt2,tiny-variant,1,3,0.0239586383104324,0.0152288544923067,0.0116101764142513,-0.0466617532074451,Non-terminal symbols,Terminals,Left recursion,Turing completeness,4000
Which of the following does not require a stack?,sshleifer/tiny-gpt2,tiny-variant,3,3,-0.022549133747816,-0.014298528432846,-0.0108815655112266,0.0440422669053077,Recursive function,Backtracking,DFS,BFS,4000
Which matrix factorization technique is not used in SVD?,sshleifer/tiny-gpt2,tiny-variant,1,2,0.0070387474261224,0.0044865612871944,0.0034275043290108,-0.0136629231274127,U matrix,Σ (Sigma) matrix,Q matrix,Vᵀ (V transpose) matrix,4000
"In operating systems, starvation occurs when...",sshleifer/tiny-gpt2,tiny-variant,2,2,-0.0202943552285432,-0.0128669897094368,-0.0097911274060606,0.0396447703242301,Deadlock,Resources are shared,A process waits indefinitely,Memory is full,4000
Which logic gate combination is functionally complete?,sshleifer/tiny-gpt2,tiny-variant,2,2,-0.0202693846076726,-0.0128511358052492,-0.0097790509462356,0.0395960696041584,AND & OR,AND & NOT,NAND only,XOR only,4000
What is the minimum number of edges in a connected undirected graph with n nodes?,sshleifer/tiny-gpt2,tiny-variant,3,1,-0.0223550777882337,-0.0141753256320953,-0.0107877198606729,0.0436637885868549,n,n-1,n+1,2n,4000
Which of the following does not define a convex function?,sshleifer/tiny-gpt2,tiny-variant,0,3,-0.023787822574377,-0.0150849614292383,-0.0114806108176708,0.0464580729603767,Second derivative ‚â• 0,Lies above tangent,No local minima,Positive slope,4000
Which type of memory is not volatile?,sshleifer/tiny-gpt2,tiny-variant,3,3,-0.021094474941492,-0.0133749777451157,-0.0101780742406845,0.041205246001482,RAM,Cache,Register,ROM,4000
Which of the following is not a page replacement algorithm?,sshleifer/tiny-gpt2,tiny-variant,0,3,0.0233484599739313,0.0148414568975567,0.0113150849938392,-0.0454717278480529,FIFO,LRU,OPT,LOOK,4000
The 1955 Bandung Conference is most directly linked to which of the following global developments?,sshleifer/tiny-gpt2,tiny-variant,3,2,-0.0223583336919546,-0.0141773922368884,-0.010789293795824,0.0436701439321041,The expansion of NATO into Southeast Asia,The rise of Cold War alliances like the Warsaw Pact,The formation of the non-aligned movement,The collapse of European empires,4000
Which of the following best explains the significance of the Treaty of Versailles in 1919?,sshleifer/tiny-gpt2,tiny-variant,2,2,-0.0207890272140502,-0.0131810549646615,-0.0100303599610924,0.040609523653984,It ended all conflict in Europe permanently,It resulted in the immediate rise of the League of Nations,"It imposed harsh reparations, fueling resentment in Germany",It marked the beginning of the Cold War,4000
Which of these was not a factor leading to the fall of the Roman Empire?,sshleifer/tiny-gpt2,tiny-variant,3,2,0.0188608448952436,0.0119923092424869,0.0091448193415999,-0.0367195345461368,Invasions by barbarian tribes,Economic over-reliance on slave labor,Establishment of democratic institutions,Corruption and internal instability,4000
The Green Revolution primarily impacted which aspect of 20th-century societies?,sshleifer/tiny-gpt2,tiny-variant,2,2,-0.0180519185960292,-0.0114432880654931,-0.008706659078598,0.0352713465690612,Reduction in military spending,Increase in religious conversions,Agricultural productivity in developing nations,Decline of industrial labor unions,4000
The Berlin Airlift (1948-49) occurred in response to...,sshleifer/tiny-gpt2,tiny-variant,1,0,-0.0238962136209011,-0.0151537787169218,-0.0115330312401056,0.0466694645583629,Soviet attempts to blockade West Berlin,Nazi attempts to seize control of East Germany,An outbreak of civil war in Germany,British withdrawal from occupied zones,4000
Which of these empires was least dependent on a strong centralized bureaucracy?,sshleifer/tiny-gpt2,tiny-variant,2,3,-0.0237272754311561,-0.0150465220212936,-0.01145133189857,0.0463399849832057,Mughal Empire,Ottoman Empire,Song Dynasty,Mongol Empire,4000
Which of the following did not contribute to the start of World War I?,sshleifer/tiny-gpt2,tiny-variant,2,2,-0.0222366899251937,-0.0141001623123884,-0.0107304658740758,0.0434329062700271,Nationalistic rivalries,Militarization and arms race,The Cold War,Entangling alliances,4000
What was the primary objective of the Marshall Plan?,sshleifer/tiny-gpt2,tiny-variant,0,0,0.0084906071424484,0.0054083350114524,0.0041296416893601,-0.016494482755661,To stop the spread of communism through economic recovery,To expand U.S. military bases in Europe,To force Germany to pay reparations,To eliminate NATO rivals in Western Europe,4000
Which revolution led to the adoption of the Declaration of the Rights of Man and of the Citizen?,sshleifer/tiny-gpt2,tiny-variant,2,2,-0.0223701000213623,-0.0141848614439368,-0.0107949832454323,0.0436930917203426,American Revolution,Russian Revolution,French Revolution,Haitian Revolution,4000
Which of the following leaders is most associated with nonviolent resistance?,sshleifer/tiny-gpt2,tiny-variant,3,2,-0.023617273196578,-0.014976680278778,-0.0113981310278177,0.0461254529654979,Napoleon Bonaparte,Joseph Stalin,Mahatma Gandhi,Simon Bolivar,4000
The Opium Wars between Britain and China in the 19th century were primarily caused by...,sshleifer/tiny-gpt2,tiny-variant,1,1,-0.0226323343813419,-0.0143513530492782,-0.0109218042343854,0.0442045293748378,Disputes over religious conversion,Trade imbalances and restrictions,Land annexation by the Qing,Naval blockades by Chinese pirates,4000
Which of these developments best reflects the influence of Enlightenment ideals?,sshleifer/tiny-gpt2,tiny-variant,0,0,-0.0237879529595375,-0.01508504524827,-0.011480676010251,0.046458326280117,Creation of constitutional monarchies,Rise of feudalism,Expansion of slave labor,Formation of guilds,4000
Why did the Industrial Revolution begin in Britain?,sshleifer/tiny-gpt2,tiny-variant,0,1,-0.0237297676503658,-0.0150481024757027,-0.0114525351673364,0.0463448539376258,It had superior military forces,"It had abundant capital, coal, and colonies",It had fewer monarchs,It imported advanced technologies from China,4000
Which of the following was not a direct result of the fall of Constantinople in 1453?,sshleifer/tiny-gpt2,tiny-variant,3,3,-0.022622711956501,-0.0143452435731887,-0.0109171504154801,0.0441857613623142,Expansion of the Ottoman Empire,End of the Byzantine Empire,Disruption of European trade routes,Formation of the Holy Roman Empire,4000
The Balfour Declaration (1917) was significant because it...,sshleifer/tiny-gpt2,tiny-variant,1,1,-0.023804135620594,-0.015095317736268,-0.0114885009825229,0.0464898869395256,Proclaimed independence for India,Supported a Jewish homeland in Palestine,Created a mandate system in Africa,Ended World War I,4000
Which of these leaders was not part of the Axis powers in WWII?,sshleifer/tiny-gpt2,tiny-variant,3,2,-0.011498930864036,-0.0072828489355742,-0.0055375476367771,0.0224910788238048,Hitler,Mussolini,Stalin,Hirohito,4000
Which was a primary goal of the Meiji Restoration?,sshleifer/tiny-gpt2,tiny-variant,0,2,-0.0238050259649753,-0.0150958858430385,-0.0114889331161975,0.0464916266500949,Preserve feudal systems,Isolate Japan from the West,Modernize and industrialize Japan,Expand the Tokugawa shogunate,4000
Which of these conflicts is most directly linked to the Cold War?,sshleifer/tiny-gpt2,tiny-variant,1,1,0.0162295959889888,0.0103217521682381,0.0078723141923546,-0.0315878167748451,Napoleonic Wars,Korean War,Crimean War,Boer War,4000
What event is most associated with the start of the Great Depression?,sshleifer/tiny-gpt2,tiny-variant,1,1,-0.016781210899353,-0.010636524297297,-0.0080921268090605,0.0327930934727191,Treaty of Versailles,Stock Market Crash of 1929,Start of WWII,End of WWI,4000
Which of the following most directly challenged European colonial rule in Africa?,sshleifer/tiny-gpt2,tiny-variant,0,2,-0.0236169621348381,-0.0149764847010374,-0.0113979829475283,0.0461248382925987,Berlin Conference,Zionist movement,Pan-Africanism,Treaty of Tordesillas,4000
The term 'Iron Curtain' was used to describe...,sshleifer/tiny-gpt2,tiny-variant,2,1,-0.0180019792169332,-0.01141157746315,-0.0086825033649802,0.0351739637553691,The Berlin Wall itself,The divide between democratic and communist Europe,The Nazi occupation of Poland,The Great Wall of China,4000
Which best describes the role of women during WWII?,sshleifer/tiny-gpt2,tiny-variant,2,2,-0.0222488939762115,-0.0141079109162092,-0.0107363676652312,0.043456707149744,Combatants on the front lines,Political leaders in wartime cabinets,Industrial and medical workforce contributors,Neutral observers of the war,4000
The Neolithic Revolution is best characterized by...,sshleifer/tiny-gpt2,tiny-variant,1,1,-0.0167365986853837,-0.0106081990525126,-0.0080705489963293,0.0327060930430889,Development of iron tools,Transition from hunting-gathering to agriculture,Invention of the wheel,Emergence of feudalism,4000
Which region saw significant nationalist movements after WWI?,sshleifer/tiny-gpt2,tiny-variant,0,1,-0.0202632099390029,-0.0128472158685326,-0.009776066057384,0.039584033191204,Western Europe,Africa and South Asia,North America,Scandinavia,4000
Which of the following was a major outcome of the Indian Independence Act of 1947?,sshleifer/tiny-gpt2,tiny-variant,0,1,-0.0226671267300844,-0.0143734421581029,-0.010938630439341,0.0442723780870437,Establishment of the Indian Constitution,Partition of British India into India and Pakistan,Abolition of the caste system,Creation of the Non-Aligned Movement,4000
Which of the following is not affected by mutability in Python?,sshleifer/tiny-gpt2,tiny-variant,0,0,0.0233470071107149,0.0148405358195304,0.0113143846392631,-0.0454688817262649,Tuple,List,Set,Dictionary,4000
What is the output of: print(10 >> 2)?,sshleifer/tiny-gpt2,tiny-variant,3,0,-0.0231011491268873,-0.014649000018835,-0.0111485300585627,0.0451188534498214,2,3,4,1,4000
Which scenario would not increase the time complexity of a function?,sshleifer/tiny-gpt2,tiny-variant,3,3,-0.0115704555064439,-0.0073282592929899,-0.0055721378885209,0.0226305741816759,Nested loops,Recursion,List slicing,Using constants,4000
Which of the following values will not evaluate to False in Python?,sshleifer/tiny-gpt2,tiny-variant,3,3,0.0233485698699951,0.0148415248841047,0.0113151371479034,-0.0454719401895999,0,[],',False',4000
What is the default return value of a function with no return statement?,sshleifer/tiny-gpt2,tiny-variant,1,1,-0.0237275511026382,-0.015046696178615,-0.0114514641463756,0.046340525150299,"""NULL""",None - No Return,0,FALSE,4000
What does the expression not(True and False) evaluate to?,sshleifer/tiny-gpt2,tiny-variant,0,0,-0.0202780235558748,-0.0128566212952137,-0.0097832297906279,0.0396129190921783,TRUE,FALSE,None of the them,Error,4000
Which of the following will not raise an error?,sshleifer/tiny-gpt2,tiny-variant,1,3,-0.0237888563424348,-0.0150856189429759,-0.0114811146631836,0.0464600883424282,4' + 4,int('xyz'),len(3),int('7') + 2,4000
What is the binary equivalent of the result of 13 & 7?,sshleifer/tiny-gpt2,tiny-variant,1,1,0.0233483612537384,0.0148413944989442,0.0113150384277105,-0.0454715266823768,1,101,111,1101,4000
Which of these recursion cases is likely to cause a stack overflow?,sshleifer/tiny-gpt2,tiny-variant,2,2,-0.0222399663180112,-0.0141022419556975,-0.0107320509850978,0.0434392914175987,Tail-recursive function,Base case defined,Deep uncontrolled recursion,One-level recursion,4000
Which is not a benefit of using logical gates in digital circuits?,sshleifer/tiny-gpt2,tiny-variant,2,2,-0.0114997792989015,-0.0072833895683288,-0.0055379602126777,0.0224927272647619,Miniaturization,Speed,Energy loss,Binary processing,4000
Which protocol guarantees packet delivery?,sshleifer/tiny-gpt2,tiny-variant,1,1,0.0066064526326954,0.0042121009901165,0.0032184408046305,-0.0128198200836777,UDP,TCP,IP,HTTP,4000
Which memory type loses content when power is off?,sshleifer/tiny-gpt2,tiny-variant,2,2,-0.0230994932353496,-0.0146479485556483,-0.011147728189826,0.0451156236231327,ROM,EEPROM,RAM,Flash,4000
What is the result of: True and not False or False?,sshleifer/tiny-gpt2,tiny-variant,3,0,-0.0114123262465,-0.0072278678417205,-0.0054956693202257,0.0223221611231565,TRUE,FALSE,None of the them,Depends,4000
Which of these does not affect recursion depth?,sshleifer/tiny-gpt2,tiny-variant,1,1,-0.0225338861346244,-0.0142888482660055,-0.0108741922304034,0.0440125204622745,Base condition,Function size,Input size,Call stack limit,4000
Which bitwise operator in Python inverts each bit?,sshleifer/tiny-gpt2,tiny-variant,2,2,-0.0219640899449586,-0.0139270927757024,-0.0105986353009939,0.0429012477397918,&,^,~,|,4000
Which of the following expressions will return 1?,sshleifer/tiny-gpt2,tiny-variant,3,3,-0.0115745160728693,-0.0073308390565216,-0.0055741039104759,0.0226384866982698,5 & 2,7 ^ 6,4 | 0,8 >> 3,4000
Which time complexity is not better than O(n log n)?,sshleifer/tiny-gpt2,tiny-variant,3,3,0.0071339281275868,0.0045469906181097,0.0034735347144305,-0.0138485552743077,O(1),O(log n),O(n),O(n^2),4000
Which memory section stores function call metadata?,sshleifer/tiny-gpt2,tiny-variant,1,1,-0.0231406614184379,-0.0146740842610597,-0.0111676361411809,0.0451959148049354,Heap,Stack,Cache,ROM,4000
Which of these logical expressions does not result in True?,sshleifer/tiny-gpt2,tiny-variant,2,3,-0.0230128690600395,-0.0145929502323269,-0.0111058363690972,0.0449466854333877,not False,True and True,False or True,not(True and True),4000
What will 'bool({})' evaluate to in Python?,sshleifer/tiny-gpt2,tiny-variant,1,1,-0.0225437544286251,-0.0142951142042875,-0.0108789652585983,0.044031772762537,TRUE,FALSE,None of the them,Error,4000
Which of the following won't modify the original list?,sshleifer/tiny-gpt2,tiny-variant,1,1,-0.022254467010498,-0.0141114480793476,-0.0107390638440847,0.0434675700962543,list.sort(),sorted(list),list.append(1),list.remove(2),4000
Which protocol is not part of the transport layer?,sshleifer/tiny-gpt2,tiny-variant,2,2,0.0233501400798559,0.0148425251245498,0.011315899901092,-0.0454749949276447,TCP,UDP,ICMP,None of the them,4000
What is the result of: ~0 in Python?,sshleifer/tiny-gpt2,tiny-variant,0,0,0.0238771550357341,0.0151771223172545,0.0115707702934741,-0.0465028323233127,-1,0,1,Depends,4000
Which function is used to inspect the memory address of a variable?,sshleifer/tiny-gpt2,tiny-variant,1,1,0.0238695479929447,0.01517229154706,0.0115670906379818,-0.0464879982173442,address(),id(),memloc(),ptr(),4000
Which data type is not mutable in Python?,sshleifer/tiny-gpt2,tiny-variant,3,2,-0.0219746530055999,-0.0139337955042719,-0.0106037408113479,0.0429218523204326,List,Set,Tuple,Dictionary,4000
SHA-1 has a message digest of,sshleifer/tiny-gpt2,tiny-variant,3,0,0.0238769352436065,0.0151769816875457,0.0115706631913781,-0.0465024076402187,160 bits,512 bits,628 bits,820 bits,4000
What is penetration testing?,sshleifer/tiny-gpt2,tiny-variant,1,1,-0.0226664524525403,-0.0143730137497186,-0.0109383035451173,0.0442710667848587,A procedure for testing libraries or other program components for vulnerabilities,Whole-system testing for security flaws and bugs,A security-minded form of unit testing that applies early in the development process,All of the above,4000
Why is it that anti-virus scanners would not have found an exploitation of Heartbleed?,sshleifer/tiny-gpt2,tiny-variant,3,3,0.0195506513118743,0.0124302608892321,0.009478417225182,-0.0380648709833622,"It's a vacuous question: Heartbleed only reads outside a buffer, so there is no possible exploit ",Anti-virus scanners tend to look for viruses and other malicious,Heartbleed attacks the anti-virus scanner itself,"Anti-virus scanners tend to look for viruses and other malicious code, but Heartbleed exploits steal secrets without injecting any code ",4000
"Suppose we define h(H, m) = E(m, H)h(H,m)=E(m,H). Then the resulting h(\cdot,\cdot)h(⋅,⋅) is not collision resistant: to build a collision (H,m)(H,m) and (H’,m’)(H’,m’) choose random (H,m,m’)(H,m,m’) and construct H’H’ as follows:",sshleifer/tiny-gpt2,tiny-variant,0,0,0.0236530974507331,0.01503486931324,0.0114624127745628,-0.0460658557713031,"H’=D(m’, E(m,H))","H’=E(m’,D(m,H))","H’=E(m’,E(m,H))","H’=D(m’,D(m,H))",4000
Which of the following does authentication aim to accomplish?,sshleifer/tiny-gpt2,tiny-variant,3,3,0.0084044300019741,0.0053536216728389,0.0040879654698073,-0.0163264125585556,Restrict what operations/data the user can access,Determine if the user is an attacker,Flag the user if he/she misbehaves,Determine who the user is,4000
"Assume that a TLS connection has been established successfully between a client and a server. Establishing the session included checking the server certificate and executing a DiffieHelmann exchange, but the client did not provide a client certificate. Further, assume that the client and server are honest, that the client and server don’t leak their keys, and that the cryptography is good. Which of the following attacks does TLS protect against?
1. An attacker stealing the server’s private key and reading the plaintext of recorded past connections.
2. An attacker breaking into a certificate authority and creating a fake certificate for the server.",sshleifer/tiny-gpt2,tiny-variant,2,2,-0.02362603507936,-0.0149822449311614,-0.0114023694768548,0.046142540872097,"True, True","False, False","True, False","False, True",4000
A hash function guarantees the integrity of a message. It guarantees that the message has not be,sshleifer/tiny-gpt2,tiny-variant,1,2,0.0162369441241025,0.0103264171630144,0.0078758671879768,-0.0316021479666233,Replaced,Overview,Changed,Violated,4000
Statement 1| U2F is a stronger second factor than sending an SMS code to a user’s smartphone. Statement 2| An attacker that knows a user’s password can easily guess the U2F key to access the user’s account.,sshleifer/tiny-gpt2,tiny-variant,0,2,-0.0235019233077764,-0.0149034475907683,-0.0113423485308885,0.0459004864096641,"True, True","False, False","True, False","False, True",4000
"The openSSL implementation described in “Remote Timing Attacks are Practical” (by Brumley and Boneh) uses the following performance optimizations: Chinese Remainder (CR), Montgomery Representation (MR), Karatsuba Multiplication (KM), and Repeated squaring and Sliding windows (RS). Which of the following options would close the timing channel attack described in the paper if you turned the listed optimizations off?
1. CR, MR, KM, and RS.
2. RS",sshleifer/tiny-gpt2,tiny-variant,3,2,-0.0021975082345306,-0.0013774555409327,-0.0010392623953521,0.0043505346402525,"True, True","False, False","True, False","False, True",4000
___________ is a process of wireless traffic analysis that may be helpful for forensic investigations or during troubleshooting any wireless issue.,sshleifer/tiny-gpt2,tiny-variant,0,0,0.0084078591316938,0.0053557963110506,0.0040896208956837,-0.0163331050425767,Wireless Traffic Sniffing,WiFi Traffic Sniffing,Wireless Traffic Checking,Wireless Transmission Sniffing,4000
A refracting telescope consists of two converging lenses separated by 100 cm. The eye-piece lens has a focal length of 20 cm. The angular magnification of the telescope is,sshleifer/tiny-gpt2,tiny-variant,2,0,-0.0226136390119791,-0.0143394833430647,-0.0109127638861536,0.0441680625081062,4,5,6,20,4000
For which of the following thermodynamic processes is the increase in the internal energy of an ideal gas equal to the heat added to the gas?,sshleifer/tiny-gpt2,tiny-variant,1,1,0.0187879167497158,0.0119460057467222,0.0091095464304089,-0.0365773141384124,Constant temperature,Constant volume,Constant pressure,Adiabatic,4000
"One end of a Nichrome wire of length 2L and cross-sectional area A is attached to an end of another Nichrome wire of length L and cross- sectional area 2A. If the free end of the longer wire is at an electric potential of 8.0 volts, and the free end of the shorter wire is at an electric potential of 1.0 volt, the potential at the junction of the two wires is most nearly equal to",sshleifer/tiny-gpt2,tiny-variant,0,0,0.0218273568898439,0.0138757210224866,0.0105794612318277,-0.0425051152706146,2.4 V,3.3 V,4.5 V,5.7 V,4000
"The muon decays with a characteristic lifetime of about 10^-6 second into an electron, a muon neutrino, and an electron antineutrino. The muon is forbidden from decaying into an electron and just a single neutrino by the law of conservation of",sshleifer/tiny-gpt2,tiny-variant,3,3,0.0235404390841722,0.014963342808187,0.0114079285413026,-0.0458461418747901,charge,mass,energy and momentum,lepton number,4000
"The quantum efficiency of a photon detector is 0.1. If 100 photons are sent into the detector, one after the other, the detector will detect photons",sshleifer/tiny-gpt2,tiny-variant,1,1,-0.0236824862658977,-0.0150180850178003,-0.011429670266807,0.0462526343762874,"an average of 10 times, with an rms deviation of about 4","an average of 10 times, with an rms deviation of about 3","an average of 10 times, with an rms deviation of about 1","an average of 10 times, with an rms deviation of about 0.1",4000
"White light is normally incident on a puddle of water (index of refraction 1.33). A thin (500 nm) layer of oil (index of refraction 1.5) floats on the surface of the puddle. Of the following, the most strongly reflected wavelength is",sshleifer/tiny-gpt2,tiny-variant,2,2,-0.0237894002348184,-0.0150859644636511,-0.0114813754335045,0.0464611537754535,500 nm,550 nm,600 nm,650 nm,4000
Which of the following is true about any system that undergoes a reversible thermodynamic process?,sshleifer/tiny-gpt2,tiny-variant,1,2,0.0225584991276264,0.0143399173393845,0.0109330508857965,-0.0439310632646083,There are no changes in the internal energy of the system.,The temperature of the system remains constant during the process.,The entropy of the system and its environment remains unchanged.,The entropy of the system and its environment must increase.,4000
The best type of laser with which to do spectroscopy over a range of visible wavelengths is,sshleifer/tiny-gpt2,tiny-variant,0,0,-0.0238051749765872,-0.015095978975296,-0.0114890048280358,0.0464919134974479,a dye laser,a helium-neon laser,an excimer laser,a ruby laser,4000
Excited states of the helium atom can be characterized as para- (antiparallel electron spins) and ortho- (parallel electron spins). The observation that an ortho- state has lower energy than the corresponding para- state can be understood in terms of which of the following?,sshleifer/tiny-gpt2,tiny-variant,1,1,-0.0224018767476081,-0.0142050394788384,-0.0108103547245264,0.0437550581991672,The Heisenberg uncertainty principle,The Pauli exclusion principle,The Bohr model of the atom,Nuclear hyperfine coupling,4000
Which of the following gives the total spin quantum number of the electrons in the ground state of neutral nitrogen (Z = 7)?,sshleifer/tiny-gpt2,tiny-variant,2,2,-0.023804573342204,-0.015095598064363,-0.0114887133240699,0.0464907400310039,2-Jan,1,2-Mar,2-May,4000
"Consider three identical, ideal capacitors. The first capacitor is charged to a voltage and then disconnected from the battery. The other two capacitors, initially uncharged and connected in series, are then connected across the first capacitor. What is the final voltage on the first capacitor?",sshleifer/tiny-gpt2,tiny-variant,3,3,-0.0233191344887018,-0.0147873954847455,-0.0112539483234286,0.0455439947545528,V_0/5,V_0/3,V_0/2,2V_0/3,4000
"Protons used in cancer therapy are typically accelerated to about 0.6c. How much work must be done on a particle of mass m in order for it to reach this speed, assuming it starts at rest?",sshleifer/tiny-gpt2,tiny-variant,0,0,0.0235419180244207,0.0149642815813422,0.0114086437970399,-0.0458490252494812,0.25mc^2,0.60mc^2,0.67mc^2,1.25mc^2,4000
De Broglie hypothesized that the linear momentum and wavelength of a free massive particle are related by which of the following constants?,sshleifer/tiny-gpt2,tiny-variant,1,0,-0.0223659109324216,-0.0141822034493088,-0.0107929594814777,0.0436849184334278,Planck’s constant,Boltzmann’s constant,The Rydberg constant,The speed of light,4000
"If the total energy of a particle of mass m is equal to twice its rest energy, then the magnitude of the particle’s relativistic momentum is",sshleifer/tiny-gpt2,tiny-variant,3,3,-0.0207545347511768,-0.0131591530516743,-0.0100136753171682,0.040542259812355,mc/2,mc/(2^(1/2)),mc,(3^(1/2))mc,4000
"In the diamond structure of elemental carbon, the nearest neighbors of each C atom lie at the corners of a",sshleifer/tiny-gpt2,tiny-variant,3,3,-0.0237887538969516,-0.0150855528190732,-0.0114810643717646,0.0464598909020423,square,hexagon,cube,tetrahedron,4000
The coefficient of static friction between a small coin and the surface of a turntable is 0.30. The turntable rotates at 33.3 revolutions per minute. What is the maximum distance from the center of the turntable at which the coin will not slide?,sshleifer/tiny-gpt2,tiny-variant,3,3,0.0217537116259336,0.0138289621099829,0.0105438418686389,-0.0423615016043186,0.024 m,0.048 m,0.121 m,0.242 m,4000
The sign of the charge carriers in a doped semiconductor can be deduced by measuring which of the following properties?,sshleifer/tiny-gpt2,tiny-variant,1,3,-0.0237289909273386,-0.0150476107373833,-0.0114521607756614,0.0463433377444744,Specific heat,Thermal conductivity,Electrical resistivity,Hall coefficient,4000
The primary source of the Sun’s energy is a series of thermonuclear reactions in which the energy produced is c^2 times the mass difference between,sshleifer/tiny-gpt2,tiny-variant,1,1,-0.0238761659711599,-0.0151410503312945,-0.0115233361721038,0.0466303713619709,two hydrogen atoms and one helium atom,four hydrogen atoms and one helium atom,six hydrogen atoms and two helium atoms,three helium atoms and one carbon atom,4000
Electromagnetic radiation provides a means to probe aspects of the physical universe. Which of the following statements regarding radiation spectra is NOT correct?,sshleifer/tiny-gpt2,tiny-variant,0,0,-0.0234912633895874,-0.014896678738296,-0.0113371927291154,0.0458796955645084,"Lines in the infrared, visible, and ultraviolet regions of the spectrum reveal primarily the nuclear structure of the sample.",The wavelengths identified in an absorption spectrum of an element are among those in its emission spectrum.,Absorption spectra can be used to determine which elements are present in distant stars.,Spectral analysis can be used to identify the composition of galactic dust.,4000
Which of the following statements about bosons and/or fermions is true?,sshleifer/tiny-gpt2,tiny-variant,3,3,-0.0234137028455734,-0.0148474359884858,-0.0112996827811002,0.0457284301519393,Bosons have symmetric wave functions and obey the Pauli exclusion principle.,Bosons have antisymmetric wave functions and do not obey the Pauli exclusion principle.,Fermions have symmetric wave functions and obey the Pauli exclusion principle.,Fermions have antisymmetric wave functions and obey the Pauli exclusion principle.,4000
"One end of a horizontal, massless spring is attached to a wall. A mass of 0.30 kg is attached to the other end of the spring and rests on a table. The mass is displaced 0.030 m from its equilibrium position and released. It has a speed of 0.040 m/s as it passes through its equilibrium position. In the absence of friction, what is the total mechanical energy of the system?",sshleifer/tiny-gpt2,tiny-variant,0,0,0.0218425076454877,0.0138853406533598,0.0105867888778448,-0.042534664273262,0.24 mJ,0.38 mJ,0.48 mJ,0.75 mJ,4000
"A meter stick with a speed of 0.8c moves past an observer. In the observer’s reference frame, how long does it take the stick to pass the observer ?",sshleifer/tiny-gpt2,tiny-variant,1,1,0.0179843977093696,0.0114358598366379,0.0087209567427635,-0.0350102074444294,1.6 ns,2.5 ns,4.2 ns,6.9 ns,4000
"Characteristic X rays, appearing as sharp lines on a continuous background, are produced when high-energy electrons bombard a metal target. Which of the following processes results in the characteristic X rays?",sshleifer/tiny-gpt2,tiny-variant,2,2,-0.0228177122771739,-0.0144690480083227,-0.0110114552080631,0.0445660687983036,Electrons producing Čerenkov radiation,Electrons colliding with phonons in the metal,Electrons filling inner shell vacancies that are created in the metal atoms,Electrons combining with protons to form neutrons,4000
An atom has filled n = 1 and n = 2 levels. How many electrons does the atom have?,sshleifer/tiny-gpt2,tiny-variant,2,3,-0.0230057351291179,-0.0145884221419692,-0.0111023858189582,0.0449327677488327,2,4,6,10,4000
"Light from a laser falls on a pair of very narrow slits separated by 0.5 micrometer, and bright fringes separated by 1.0 millimeter are observed on a distant screen. If the frequency of the laser light is doubled, what will be the separation of the bright fringes?",sshleifer/tiny-gpt2,tiny-variant,1,1,-0.0230045653879642,-0.0145876798778772,-0.0111018205061554,0.04493048787117,0.25 mm,0.5 mm,1.0 mm,2.0 mm,4000
"Assume that the solar flux at Earth’s surface is 1,000 W/m^2 and that the sunlight is normal to a completely reflecting surface with an area of 3 m^2. What is the total radiation force exerted on the surface?",sshleifer/tiny-gpt2,tiny-variant,3,2,0.0236336588859558,0.0150225292891263,0.0114530129358172,-0.0460279434919357,2 x 10^-6 N,1 x 10^-5 N,2 x 10^-5 N,3 N,4000
The sign of the charge carriers in a doped semiconductor can be deduced by measuring which of the following properties?,sshleifer/tiny-gpt2,tiny-variant,1,1,-0.0237299744039773,-0.0150482347235083,-0.011452636681497,0.0463452525436878,Magnetic susceptibility,Hall coefficient,Electrical resistivity,Thermal conductivity,4000
Which of the following ions CANNOT be used as a dopant in germanium to make an n-type semiconductor?,sshleifer/tiny-gpt2,tiny-variant,3,3,-0.0222283639013767,-0.0140948742628097,-0.0107264388352632,0.0434166640043258,As,P,Sb,B,4000
An astronomer observes a very small moon orbiting a planet and measures the moon’s minimum and maximum distances from the planet’s center and the moon’s maximum orbital speed. Which of the following CANNOT be calculated from these measurements?,sshleifer/tiny-gpt2,tiny-variant,0,0,0.0235369335860013,0.0149611169472336,0.0114062335342168,-0.0458393022418022,Mass of the moon,Mass of the planet,Minimum speed of the moon,Period of the orbit,4000
A rod measures 1.00 m in its rest system. How fast must an observer move parallel to the rod to measure its length to be 0.80 m?,sshleifer/tiny-gpt2,tiny-variant,1,1,-0.0239611435681581,-0.015195001848042,-0.0115644326433539,0.0467961020767688,0.50c,0.60c,0.70c,0.80c,4000
"A magnetic field is directed perpendicular to the plane of a circular coil of area 0.2 m^2 and 250 turns. If the magnetic field is increased from 0.01 T to 0.06 T during a time interval of 0.25 s, the average induced EMF in the coil is",sshleifer/tiny-gpt2,tiny-variant,3,3,-0.0171516686677932,-0.0108717251569032,-0.0082712853327393,0.033515591174364,0.04 V,0.1 V,2.5 V,10 V,4000
Light of variable frequency shines on the metal surface of a photoelectric tube. Einstein’s theory of the photoelectric effect predicts that the,sshleifer/tiny-gpt2,tiny-variant,3,3,-0.0231130626052618,-0.0146565623581409,-0.0111542902886867,0.0451420880854129,work function of the metal is proportional to the frequency,work function of the metal is proportional to the wavelength,current in the tube is a linear function of the wavelength,potential difference necessary to stop the emitted electrons is a linear function of the frequency above the threshold frequency,4000
"Two simple pendulums A and B consist of identical masses suspended from strings of length L_A and L_B, respectively. The two pendulums oscillate in equal gravitational fields. If the period of pendulum B is twice the period of pendulum A, which of the following is true of the lengths of the two pendulums?",sshleifer/tiny-gpt2,tiny-variant,3,0,-0.0230331122875213,-0.0146058034151792,-0.011115625500679,0.0449861660599708,L_B = 4L_A,L_B = 2L_A,L_B = L_A,L_B = 1/2 L_A,4000
"According to the BCS theory, the attraction between Cooper pairs in a superconductor is due to",sshleifer/tiny-gpt2,tiny-variant,3,3,-0.0237765125930309,-0.0150777818635106,-0.0114751439541578,0.0464360155165195,the weak nuclear force,the strong nuclear force,vacuum polarization,interactions with the ionic lattice,4000
"The energy required to remove both electrons from the helium atom in its ground state is 79.0 eV. How much energy is required to ionize helium (i.e., to remove one electron)?",sshleifer/tiny-gpt2,tiny-variant,0,0,-0.0026563273277133,-0.001668760087341,-0.0012611587299034,0.0052453535608947,24.6 eV,39.5 eV,51.8 eV,54.4 eV,4000
"At the present time, the temperature of the universe (i.e., the microwave radiation background) is about 3 K. When the temperature was 12 K, typical objects in the universe, such as galaxies, were",sshleifer/tiny-gpt2,tiny-variant,3,0,-0.0228231474757194,-0.0144724994897842,-0.0110140852630138,0.0445766635239124,one-quarter as distant as they are today,one-half as distant as they are today,separated by about the same distances as they are today,two times as distant as they are today,4000
"By definition, the electric displacement current through a surface S is proportional to the",sshleifer/tiny-gpt2,tiny-variant,1,0,-0.0238601621240377,-0.015130890533328,-0.0115155978128314,0.04659915715456,rate of change of the electric flux through S,electric flux through S,time integral of the magnetic flux through S,rate of change of the magnetic flux through S,4000
"The suspension cable of a 1,000 kg elevator snaps, sending the elevator moving downward through its shaft. The emergency brakes of the elevator stop the elevator shortly before it reaches the bottom of the shaft. If the elevator fell a distance of 100 m starting from rest, the heat that the brakes must dissipate to bring the elevator safely to rest is",sshleifer/tiny-gpt2,tiny-variant,2,3,-0.023413848131895,-0.0148475300520658,-0.0112997544929385,0.045728713274002,100 J,"1,000 J","10,000 J","1,000,000 J",4000
"Two spaceships approach Earth with equal speeds, as measured by an observer on Earth, but from opposite directions. A meterstick on one spaceship is measured to be 60 cm long by an occupant of the other spaceship. What is the speed of each spaceship, as measured by the observer on Earth?",sshleifer/tiny-gpt2,tiny-variant,1,1,0.0236339475959539,0.0150227108970284,0.0114531507715582,-0.046028509736061,0.4c,0.5c,0.6c,0.7c,4000
"The suspension cable of a 1,000 kg elevator snaps, sending the elevator moving downward through its shaft. The emergency brakes of the elevator stop the elevator shortly before it reaches the bottom of the shaft. If the elevator fell a distance of 100 m starting from rest, the heat that the brakes must dissipate to bring the elevator safely to rest is",sshleifer/tiny-gpt2,tiny-variant,0,2,-0.0236835274845361,-0.0150187471881508,-0.0114301750436425,0.0462546646595001,"10,000 J","100,000 J","1,000,000 J","10,000,000 J",4000
The mean kinetic energy of the conduction electrons in metals is ordinarily much higher than kT because,sshleifer/tiny-gpt2,tiny-variant,0,2,-0.0238316804170608,-0.0151128079742193,-0.0115018235519528,0.0465436093509197,electrons have many more degrees of freedom than atoms do,the electrons and the lattice are not in thermal equilibrium,the electrons form a degenerate Fermi gas,electrons in metals are highly relativistic,4000
"A 10 kg box slides horizontally without friction at a speed of 1 m/s. At one point, a constant force is applied to the box in the direction of its motion. The box travels 5 m with the constant force applied. The force is then removed, leaving the box with a speed of 2 m/s. Which of the following gives the magnitude of the applied force?",sshleifer/tiny-gpt2,tiny-variant,2,2,-0.0234118122607469,-0.0148462364450097,-0.0112987691536545,0.0457247421145439,1 N,2 N,3 N,4 N,4000
A spring of force constant k is stretched a certain distance. It takes twice as much work to stretch a second spring by half this distance. The force constant of the second spring is,sshleifer/tiny-gpt2,tiny-variant,2,3,0.0087867556139826,0.0055963569320738,0.0042728628031909,-0.0170720610767602,k,2k,4k,8k,4000
"An observer O at rest midway between two sources of light at x = 0 and x = 10 m observes the two sources to flash simultaneously. According to a second observer O', moving at a constant speed parallel to the x-axis, one source of light flashes 13 ns before the other. Which of the following gives the speed of O' relative to O?",sshleifer/tiny-gpt2,tiny-variant,2,2,0.0233630929142236,0.0148507477715611,0.0113221630454063,-0.0455002598464489,0.13c,0.15c,0.36c,0.53c,4000
"Consider an electron in the n = 4, l = 1 state in hydrogen. Which of the following final states can NOT be reached by an allowed transition?",sshleifer/tiny-gpt2,tiny-variant,1,1,0.0238738786429166,0.0151750417426228,0.0115691851824522,-0.0464964471757411,"n = 3, l = 2","n = 3, l = 1","n = 3, l = 0","n = 2, l = 0",4000
"Two students perform an experiment in which they drop a ball from rest from a known height above the ground and measure the speed of the ball just before it strikes the ground. From repeated measurement, the students estimate the uncertainty in the measured speed of the ball to be 10 percent. Which of the following gives the uncertainty in the kinetic energy of the ball? (Assume the uncertainty in the ball’s mass is negligibly small.)",sshleifer/tiny-gpt2,tiny-variant,0,3,0.0233329348266124,0.0148316007107496,0.0113075785338878,-0.0454414412379264,5%,10%,15%,20%,4000
The rest mass of a particle with total energy 5.0 GeV and momentum 4.9 GeV/c is approximately,sshleifer/tiny-gpt2,tiny-variant,3,3,-0.0025491833221167,-0.0016007331432774,-0.0012093397090211,0.0050363983027637,0.1 GeV/c^2,0.2 GeV/c^2,0.5 GeV/c^2,1.0 GeV/c^2,4000
"A grating spectrometer can just barely resolve two wavelengths of 500 nm and 502 nm, respectively. Which of the following gives the resolving power of the spectrometer?",sshleifer/tiny-gpt2,tiny-variant,1,1,0.0083603663370013,0.0053256461396813,0.0040666558779776,-0.0162404738366603,2,250,"5,000","10,000",4000
Electromagnetic radiation emitted from a nucleus is most likely to be in the form of,sshleifer/tiny-gpt2,tiny-variant,3,0,-0.0230076052248477,-0.0145896086469292,-0.0111032892018556,0.0449364148080349,gamma rays,microwaves,ultraviolet radiation,visible light,4000
"An ideal monatomic gas expands quasi-statically to twice its volume. If the process is isothermal, the work done by the gas is Wi. If the process is adiabatic, the work done by the gas is Wa. Which of the following is true?",sshleifer/tiny-gpt2,tiny-variant,3,3,0.0236326660960912,0.0150218959897756,0.0114525305107235,-0.0460260137915611,Wi = Wa,0 = Wi  < Wa,0 < Wi < Wa,0<Wa <Wi,4000
"The hydrogen lines observed in the spectrum of the quasar 3C9 are shifted so far into the red that their wavelengths are three times as long as those observed in the light from hydrogen atoms at rest in a laboratory on Earth. If it is assumed that the shift is entirely due to the relative motion of 3C9 and Earth, the relative speed of the quasar is",sshleifer/tiny-gpt2,tiny-variant,3,2,-0.0233405940234661,-0.0148010207340121,-0.0112643269822001,0.045585848391056,2c,c,0.8c,0.5c,4000
"Which of the following statements is (are) true for a Maxwell-Boltzmann description of an ideal gas of atoms in equilibrium at temperature T?
I. The average velocity of the atoms is zero.
II. The distribution of the speeds of the atoms has a maximum at v = 0.
III. The probability of finding an atom with zero kinetic energy is zero.",sshleifer/tiny-gpt2,tiny-variant,1,3,0.0233618337661027,0.0148499468341469,0.0113215520977973,-0.0454978086054325,I only,II only,I and II,I and III,4000
"Fermat’s principle of ray optics states, “A ray of light follows the path between two points which requires the least time.” This principle can be used to derive which of the following?
I. Snell’s law of refraction
II. The law of reflection
III. Rayleigh’s criterion for resolution",sshleifer/tiny-gpt2,tiny-variant,0,3,-0.006421304307878,-0.0040591093711555,-0.0030819461680948,0.0125881871208548,I only,II only,III only,I and II,4000
A lightweight toy car crashes head-on into a heavier toy truck. Which of the following statements is true as a result of the collision? I. The car will experience a greater impulse than the truck. II. The car will experience a greater change in momentum than the truck. III. The magnitude of the acceleration experienced by the car will be greater than that experienced by the truck.,sshleifer/tiny-gpt2,tiny-variant,2,2,-0.0236826632171869,-0.0150181977078318,-0.0114297559484839,0.0462529845535755,I and II only,II only,III only,II and III only,4000
"A light bulb rated at 100 W is twice as bright as a bulb rated at 50 W when both are connected in parallel directly to a 100-V source. Now imagine that these bulbs are instead connected in series with each other. Which is brighter, and by how much?",sshleifer/tiny-gpt2,tiny-variant,3,2,-0.0235759932547807,-0.0149504747241735,-0.0113781699910759,0.0460449382662773,The bulbs have the same brightness.,The 100-W bulb is twice as bright.,The 50-W bulb is twice as bright.,The 100-W bulb is four times as bright.,4000
"You have a wire of length L, radius Q, and resistance Q. You need to obtain half that resistance using the same material and changing only one factor. You could",sshleifer/tiny-gpt2,tiny-variant,0,0,-0.0233744755387306,-0.0148225333541631,-0.011280714534223,0.0456519201397895,use half the length,use twice the length,use half the radius,use twice the radius,4000
A swimmer is able to propel himself forward through the water by moving his arms. Which of the following correctly states the applicant and recipient of the force responsible for the swimmer’s forward acceleration?,sshleifer/tiny-gpt2,tiny-variant,0,0,0.0180599521845579,0.0114838294684886,0.0087574971839785,-0.0351575575768947,The force of the surrounding water on the swimmer’s arms,The force of the swimmer’s arms on the swimmer’s torso,The force of the swimmer’s arms on the surrounding water,The force of the swimmer’s torso on the swimmer’s arms,4000
"A spherical balloon filled with helium is floating in air. If the balloon is inflated until its radius is doubled, how will the buoyant force on the balloon be affected?",sshleifer/tiny-gpt2,tiny-variant,0,2,0.0235365647822618,0.0149608822539448,0.0114060556516051,-0.0458385795354843,It will decrease by a factor of 4.,It will increase by a factor of 4.,It will increase by a factor of 8.,It will not be affected.,4000
An object initially at rest experiences a time-varying acceleration given by a = (2 m/s^3)t for t ≥ 0. How far does the object travel in the first 3 seconds?,sshleifer/tiny-gpt2,tiny-variant,1,0,0.0156454630196094,0.0099508929997682,0.0075898221693933,-0.0304485782980918,9 m,12 m,18 m,24 m,4000
A pair of protective headphones reduces the sound of a jet engine from 140 dB to 110 dB. What percent of the noise is being blocked?,sshleifer/tiny-gpt2,tiny-variant,1,0,-0.022656301036477,-0.0143665689975023,-0.0109333945438265,0.0442512705922126,99.90%,78.60%,21.40%,0.10%,4000
An equal number of hydrogen and carbon dioxide molecules are placed in a sealed container. The gases are initially at a temperature of 300 K when the container is placed in an oven and brought to a new equilibrium temperature of 600 K. Which of the following best describes what is happening to the molecular speeds and kinetic energies of the gases’ molecules as they move from 300 K to 600 K?,sshleifer/tiny-gpt2,tiny-variant,2,1,0.0230999533087015,0.0146836815401911,0.0111949043348431,-0.0449870638549327,"The molecules of both gases, on average, end with the speed and the same average kinetic energy.","The molecules of hydrogen, on average, end with a higher speed, but the molecules of both gases end with the same average kinetic energy.","The molecules of hydrogen, on average, speed up more and end with a higher average kinetic energy.","As heat flows into the container, the entropy rises, and it is not possible to determine the average velocity and average kinetic energy of the gases.",4000
"A uniform bar is lying on a flat table. Besides the gravitational and normal forces (which cancel), the bar is acted upon by two other forces, F1 and F2, which are parallel to the surface of the table. If the net force on the rod is zero, then which one of the following is true?",sshleifer/tiny-gpt2,tiny-variant,2,2,0.023730905726552,0.0150842675939202,0.0115000400692224,-0.0462176091969013,The net torque on the bar must also be zero.,The bar can accelerate translationally if F1 and F2 are not applied at the same point.,The net torque will be zero if F1 and F2 are applied at the same point.,The bar cannot accelerate translationally or rotationally.,4000
"An arrow is aimed horizontally, directly at the center of a target 20 m away. The arrow hits 0.050 m below the center of the target. Neglecting air resistance, what was the initial speed of the arrow?",sshleifer/tiny-gpt2,tiny-variant,0,3,-0.0239911824464797,-0.0152140734717249,-0.0115789594128727,0.0468546859920024,20 m/s,40 m/s,100 m/s,200 m/s,4000
Which of the following conditions will ensure that angular momentum is conserved? I. Conservation of linear momentum II. Zero net external force III. Zero net external torque,sshleifer/tiny-gpt2,tiny-variant,1,3,-0.020627275109291,-0.0130783608183264,-0.0099521353840827,0.0402940586209297,I and II only,I and III only,II and III only,III only,4000
"A pipe full of air is closed at one end. A standing wave is produced in the pipe, causing the pipe to sound a note. Which of the following is a correct statement about the wave’s properties at the closed end of the pipe?",sshleifer/tiny-gpt2,tiny-variant,2,1,-0.0235636252909898,-0.0149426199495792,-0.0113721871748566,0.046020820736885,"The pressure is at a node, but the particle displacement is at an antinode.","The pressure is at an antinode, but the particle displacement is at a node.",The pressure and the particle displacement are both at nodes.,The pressure and the particle displacement are both at antinodes.,4000
"A photocell of work function ϕ = 2eV is connected to a resistor in series. Light of frequency f = 1 × 10^15 Hz hits a metal plate of the photocell. If the power of the light is P = 100 W, what is the current through the resistor?",sshleifer/tiny-gpt2,tiny-variant,3,3,-0.0229195747524499,-0.0145337181165814,-0.0110607165843248,0.0447647310793399,2:00,6:00,0:00,24 A,4000
"A microwave oven is connected to an outlet, 120 V, and draws a current of 2 amps. At what rate is energy being used by the microwave oven?",sshleifer/tiny-gpt2,tiny-variant,1,3,-0.0226259604096412,-0.0143473064526915,-0.0109187215566635,0.0441920980811119,10 W,30 W,60 W,240 W,4000
"A student is experimenting with a simple spring-block oscillator of spring constant k and amplitude A. The block attached to the spring has a mass of m. If the student places a small block of mass m on top of the original block, which of the following is true?",sshleifer/tiny-gpt2,tiny-variant,1,0,-0.0240031499415636,-0.0152216721326112,-0.011584747582674,0.0468780286610126,"The small block is most likely to slide off when the original block is at maximum displacement from the equilibrium position, but will not slide off as long as the coefficient of static friction between the blocks is greater than kA/[(M+m)g].","The small block is most likely to slide off when the original block is at the equilibrium position, but will not slide off as long as the coefficient of static friction between the blocks is greater than kA/[(M+m)g].","The small block is most likely to slide off when the original block is at maximum displacement from the equilibrium position, but will not slide off as long as the coefficient of static friction between the blocks is greater than (M+m)g/(kA).","The small block is most likely to slide off when the original block is at the equilibrium position, but will not slide off as long as the coefficient of static friction between the blocks is greater than (M+m)g/(kA).",4000
How much work is required to charge a 10 µF capacitor to a potential difference of 100 V ?,sshleifer/tiny-gpt2,tiny-variant,0,2,-0.0098857227712869,-0.0062586427666246,-0.0047573875635862,0.0193448215723037,0.005 J,0.01 J,0.05 J,0.1 J,4000
"A box of mass m slides on a horizontal surface with initial speed v0. It feels no forces other than gravity and the force from the surface. If the coefficient of kinetic friction between the box and the surface is μ, how far does the box slide before coming to rest?",sshleifer/tiny-gpt2,tiny-variant,0,0,-0.0234033782035112,-0.0148408822715282,-0.0112946908921003,0.0457082949578762,v0^2/(2μg),v0^2/(μg),2v0^2/(μg),mv0^2/(μg),4000
"A soccer ball, at rest on the ground, is kicked with an initial velocity of 10 m/s at a launch angle of 30°. Calculate its total flight time, assuming that air resistance is negligible.",sshleifer/tiny-gpt2,tiny-variant,1,1,0.0180305819958448,0.0114651825278997,0.008743293583393,-0.0351002775132656,0.5 s,1 s,2 s,4 s,4000
Two identical containers are filled with different gases. Container 1 is filled with hydrogen and container 2 is filled with nitrogen. Each container is set on a lab table and allowed to come to thermal equilibrium with the room. Which of the following correctly compares the properties of the two gases?,sshleifer/tiny-gpt2,tiny-variant,1,3,0.0216146167367696,0.0137406513094902,0.0104765724390745,-0.0420902259647846,The average kinetic energy of the hydrogen gas is greater than the nitrogen gas.,The average force exerted on the container by the hydrogen gas is greater than the nitrogen gas.,The density of the hydrogen gas is less than the nitrogen gas.,The pressures of the gases cannot be compared without knowing the number of molecules in each container.,4000
"A girl of mass m and a boy of mass 2m are sitting on opposite sides of a see-saw with its fulcrum in the center. Right now, the boy and girl are equally far from the fulcrum, and it tilts in favor of the boy. Which of the following would NOT be a possible method to balance the see-saw?",sshleifer/tiny-gpt2,tiny-variant,0,3,-0.0238109864294528,-0.0150996698066592,-0.011491815559566,0.0465032495558261,Move the boy to half his original distance from the fulcrum.,Move the girl to double her original distance from the fulcrum.,Allow a second girl of mass m to join the first.,Move the fulcrum to half its original distance from the boy.,4000
"When hot water is poured into a beaker containing cold alcohol, the temperature of the mixture will eventually reach the same temperature. Considering the scale of the size of the molecules of the fluids, which of the following is the primary reason for this phenomenon?",sshleifer/tiny-gpt2,tiny-variant,3,3,-0.0231544058769941,-0.0146828107535839,-0.0111742839217185,0.0452227219939231,The high temperature water will rise to the top of the container until it has cooled and then mixes with the alcohol.,"The molecules of the water continue to have a higher kinetic energy than the molecules of the alcohol, but the two liquids mix until the energy is spread evenly throughout the container.",The hot water produces thermal radiation that is absorbed by the cold alcohol until the kinetic energy of all the molecules is the same.,"The water molecules collide with the alcohol molecules, transferring energy until the average kinetic energy of both the water and alcohol molecules are the same.",4000
"A solid sphere (I = 0.06 kg·m^2) spins freely around an axis through its center at an angular speed of 20 rad/s. It is desired to bring the sphere to rest by applying a friction force of magnitude 2.0 N to the sphere’s outer surface, a distance of 0.30 m from the sphere’s center. How much time will it take the sphere to come to rest?",sshleifer/tiny-gpt2,tiny-variant,3,1,-0.0230794064700603,-0.0146351950243115,-0.0111380135640501,0.045076448470354,4 s,2 s,0.06 s,0.03 s,4000
The radius of Mars is about half that of Earth; the mass of Mars is about one-tenth that of Earth. Which of the following is closest to the gravitational field at the surface of Mars?,sshleifer/tiny-gpt2,tiny-variant,1,1,0.0238739810883998,0.0151751060038805,0.0115692345425486,-0.046496644616127,10 N/kg,4 N/kg,2 N/kg,0.5 N/kg,4000
"Above an infinitely large plane carrying charge density σ, the electric field points up and is equal to σ/2εo. What is the magnitude and direction of the electric field below the plane?",sshleifer/tiny-gpt2,tiny-variant,0,0,-0.0229065585881471,-0.0145254544913768,-0.011054421775043,0.0447393432259559,"σ/2εo, down","σ/2εo, up","σ/εo, down","σ/εo, up",4000
"A beam of electrons has speed 10^7 m/s. It is desired to use the magnetic field of the Earth, 5 × 10−5 T, to bend the electron beam into a circle. What will be the radius of this circle?",sshleifer/tiny-gpt2,tiny-variant,3,3,0.0238732863217592,0.0151746645569801,0.0115688974037766,-0.0464952923357486,1 nm,1 μm,1 mm,1 m,4000
An object is placed 100 cm from a plane mirror. How far is the image from the object?,sshleifer/tiny-gpt2,tiny-variant,2,2,0.0239585172384977,0.0152287790551781,0.0116101186722517,-0.046661514788866,50 cm,100 cm,200 cm,300 cm,4000
"A horse is attached to a cart that is at rest behind it. Which force, or combination of forces, explains how the horse-cart system can accelerate from rest?",sshleifer/tiny-gpt2,tiny-variant,3,0,-0.023743225261569,-0.0150566473603248,-0.0114590441808104,0.0463710986077785,"The forward static friction force of the ground on the horse is greater than any friction forces acting backward on the cart, providing a forward acceleration.","The forward force of the horse on the cart is greater than the backward force of the cart on the horse, providing a forward acceleration.",The force of the horse’s muscles on the rest of the horse-cart system provides the necessary acceleration.,"The upward normal force of the ground on the horse is greater than the horse’s weight, providing an upward acceleration.",4000
"In a certain region, the electric field varies with the radius away from origin by the equation Er = –6r^2 + 4r + 3, where r is given in meters and E in N/C. The potential difference between the origin and the point (3, 4) is",sshleifer/tiny-gpt2,tiny-variant,3,3,-0.02069584839046,-0.0131218936294317,-0.0099852941930294,0.0404278002679348,–165 V,–120 V,64 V,185 V,4000
"A gas undergoes an expansion-compression cycle. If, plotted on a P-V diagram, the cycle is counterclockwise and the work is 300 J in magnitude, what was the heat transfer during this cycle?",sshleifer/tiny-gpt2,tiny-variant,2,1,0.0235373694449663,0.0149613935500383,0.0114064449444413,-0.0458401516079902,300 J into the system,300 J out of the system,600 J into the system,600 J out of the system,4000
"An ideal battery of constant voltage V supplies current to a circuit that has total resistance R. If R is doubled, what will happen to the total power dissipated by the circuit?",sshleifer/tiny-gpt2,tiny-variant,2,2,-0.0237881075590848,-0.0150851430371403,-0.011480750516057,0.0464586243033409,It will double.,It will quadruple.,It will be halved.,It will remain the same.,4000
Ultraviolet light has a wavelength of about 6 × 10^-8 m. What is the frequency of this light?,sshleifer/tiny-gpt2,tiny-variant,0,0,0.0188556089997291,0.0119889844208955,0.0091422861441969,-0.0367093235254287,5 × 10^15 Hz,0.5 Hz,2 Hz,20 Hz,4000
Each of the following ionized isotopes is projected with the same speed into a uniform magnetic field B such that the isotope's initial velocity is perpendicular to B. Which combination of mass and charge would result in a circular path with the largest radius?,sshleifer/tiny-gpt2,tiny-variant,2,3,-0.0205545872449874,-0.0130322035402059,-0.0099169723689556,0.0401523187756538,"m = 16 u, q = –5 e","m = 17 u, q = –4 e","m = 18 u, q = –3 e","m = 20 u, q = –1 e",4000
An electric dipole consists of a pair of equal but opposite point charges of magnitude 4.0 nC separated by a distance of 2.0 cm. What is the electric field strength at the point midway between the charges?,sshleifer/tiny-gpt2,tiny-variant,3,3,-0.0233126524835824,-0.0147832799702882,-0.0112508134916424,0.0455313473939895,0,9.0 × 10^4 N/C,1.8 × 10^5 N/C,7.2 × 10^5 N/C,4000
Select the best translation into predicate logic: No people drive on Mars.,sshleifer/tiny-gpt2,tiny-variant,2,2,-0.0223784949630498,-0.0141901932656764,-0.0107990447431802,0.043709460645914,~Pd,(∀x)(Px ∨ ~Dx),(∀x)(Px ⊃ ~Dx),~Dp,4000
Select the best translation into predicate logic.George borrows Hector's lawnmower. (g: George; h: Hector; l: Hector's lawnmower; Bxyx: x borrows y from z),sshleifer/tiny-gpt2,tiny-variant,0,2,-0.0236071906983852,-0.0149702820926904,-0.0113932583481073,0.0461057871580123,Blgh,Bhlg,Bglh,Bghl,4000
"Select the best English interpretation of the given arguments in predicate logic.
Dm
(∀x)(Wx ⊃ ~Dx)
(∀x)Wx ∨ Ag        / (∃x)Ax",sshleifer/tiny-gpt2,tiny-variant,3,3,-0.0219721943140029,-0.0139322355389595,-0.0106025515124201,0.0429170615971088,Marina is a dancer. Some weaklings are not dancers. Either everything is a weakling or Georgia plays volleyball. So something plays volleyball.,Marina is a dancer. No weakling is a dancer. Everything is either a weakling or plays volleyball. So something plays volleyball.,Marina is a dancer. Some weaklings are not dancers. Everything is either a weakling or plays volleyball. So something plays volleyball.,Marina is a dancer. No weakling is a dancer. Either everything is a weakling or Georgia plays volleyball. So something plays volleyball.,4000
" Construct a complete truth table for the following pairs of propositions. Then, using the truth tables, determine whether the statements are logically equivalent or contradictory. If neither, determine whether they are consistent or inconsistent. Justify your answers.
E ⊃ (F · E) and ~E · F",sshleifer/tiny-gpt2,tiny-variant,0,2,-0.0228199176490306,-0.0144704477861523,-0.011012521572411,0.0445703715085983,Logically equivalent,Contradictory,"Neither logically equivalent nor contradictory, but consistent",Inconsistent,4000
" Which of the given formulas of PL is the best symbolization of the following sentence?
Turtles live long lives and are happy creatures, unless they are injured.",sshleifer/tiny-gpt2,tiny-variant,3,1,-0.0235016923397779,-0.0149032995104789,-0.0113422349095344,0.0459000393748283,(L • H) ≡ I,(L • H) ∨ I,L • (H ∨ I),L • (H ⊃ R),4000
"Identify the conclusion of the following argument. It is hard not to verify in our peers the same weakened intelligence due to emotions that we observe in our everyday patients. The arrogance of our consciousness, which in general, belongs to the strongest defense mechanisms, blocks the unconscious complexes. Because of this, it is difficult to convince people of the unconscious, and in turn to teach them what their conscious knowledge contradicts. (Sigmund Freud, The Origin and Development of Psychoanalysis)",sshleifer/tiny-gpt2,tiny-variant,3,3,0.0223614759743213,0.0142148295417428,0.0108377672731876,-0.0435468107461929,It is hard not to verify in our peers the same weakened intelligence due to emotions that we observe in our everyday patients.,"The arrogance of our consciousness, which in general, belongs to the strongest defense mechanisms, blocks the unconscious complexes.","Because of this, it is difficult to convince people of the unconscious, and in turn to teach them what their conscious knowledge contradicts.","It is difficult to convince people of the unconscious, and in turn to teach them what their conscious knowledge contradicts.",4000
Select the best translation into predicate logic. David teaches Chris. (c: Chris; d: David; Txy: x teaches y),sshleifer/tiny-gpt2,tiny-variant,2,0,-0.0237761121243238,-0.0150775266811251,-0.0114749483764171,0.0464352332055568,Tdc,Tcd,Tcc,dTc,4000
" Select the best English interpretation of the given proposition, using the following translation key: Ax: x is an apartment Hx: x is a house Lx: x is large Bxy: x is bigger than y (∃x)[(Ax • Lx) • (∃y)(Hy • Bxy)]",sshleifer/tiny-gpt2,tiny-variant,2,2,-0.0174296088516712,-0.0110481884330511,-0.008405702188611,0.0340576544404029,Some large houses are bigger than some apartments.,Some houses are bigger than all large apartments.,Some large apartments are bigger than some houses.,Some houses are bigger thatn some large apartments.,4000
"Construct a complete truth table for the following argument. Then, using the truth table, determine whether the argument is valid or invalid. If the argument is invalid, choose an option which presents a counterexample. (There may be other counterexamples as well.)
~G ⊃ H
~H / G",sshleifer/tiny-gpt2,tiny-variant,3,0,-0.0227509010583162,-0.0144266290590167,-0.0109791439026594,0.0444357693195343,Valid,Invalid. Counterexample when G and H are true,Invalid. Counterexample when G is true and H is false,Invalid. Counterexample when H is true and G is false,4000
" Use the following key to translate the given formula of PL to natural, English sentences.
A: Marina reads a Percy Jackson book.
B: Izzy plays Minecraft.
C: Emily stops working.
D: Russell makes dinner.
E: Ashleigh stops by.
(~B • E) ⊃ D",sshleifer/tiny-gpt2,tiny-variant,1,1,-0.021161526441574,-0.0134175503626465,-0.0102105038240551,0.0413360148668289,If it's not the case that both Izzy plays Minecraft and Ashleigh stops by then Russell makes dinner.,If it's both not the case that Izzy plays Minecraft and Ashleigh stops by then Russell makes dinner.,Izzy playing Minecraft and Ashleigh stopping by entails that Russell makes dinner.,Russell's making dinner is a sufficient condition for Izzy not playing Minecraft and Ashleigh stopping by.,4000
"Construct a complete truth table for the following argument. Then, using the truth table, determine whether the argument is valid or invalid. If the argument is invalid, choose an option which presents a counterexample. (There may be other counterexamples as well.)
~K ≡ L / (K · L) ∨ (K · ~L)",sshleifer/tiny-gpt2,tiny-variant,2,3,-0.0233214311301708,-0.0147888548672199,-0.0112550603225827,0.0455484688282012,Valid,Invalid. Counterexample when K and L are true,Invalid. Counterexample when K is true and L is false,Invalid. Counterexample when L is true and K is false,4000
"Identify the antecedent of the following conditional proposition: If the university does not increase financial aid, either the president fails to approve it or the board of trustees prevents it.",sshleifer/tiny-gpt2,tiny-variant,3,1,-0.0228330995887517,-0.0144788147881627,-0.0110188946127891,0.044596079736948,The university increases financial aid.,The university does not increase financial aid.,The board of trustees prevents it.,The president fails to approve it.,4000
" Which of the following propositions is an immediate (one-step) consequence in PL of the given premises?
~E ⊃ ~F
G ⊃ F
H ∨ ~E
H ⊃ I
~I",sshleifer/tiny-gpt2,tiny-variant,3,3,-0.0206822976469993,-0.01311329100281,-0.0099787414073944,0.0404013730585575,E ⊃ F,F ⊃ G,H ⊃ ~E,~H,4000
" Which of the given formulas of PL is the best symbolization of the following sentence?
Everybody loves Raymond, or not.",sshleifer/tiny-gpt2,tiny-variant,3,3,0.0189122725278139,0.0120249632745981,0.0091696940362453,-0.0368198230862617,L,~L,L • ~L,L ∨ ~L,4000
Select the best translation into predicate logic. All kings are luckier than all paupers. (Kx: x is a king; Px: x is a pauper; Lxy: x is luckier than y),sshleifer/tiny-gpt2,tiny-variant,0,0,0.0038052292075008,0.0024336297065019,0.0018637356115505,-0.0073565957136452,(∀x)[Kx ⊃ (∀y)(Py ⊃ Lxy)],(∀x)[Kx ⊃ (∀y)(Lxy ⊃ Py)],(∀x)(∀y)[(Kx • Py) ⊃ Lyx],(∀x)[(Kx • (∀y)(Py)) ⊃ Lxy],4000
"Use indirect truth tables to determine whether the following argument is valid. If the argument is invalid, choose an option which presents a counterexample. (There may be other counterexamples as well.)
E ⊃ (F ∨ ~G)
F ⊃ (~E ∨ ~G) / ~(E ≡ F)",sshleifer/tiny-gpt2,tiny-variant,2,2,-0.0198703482747077,-0.0125977899879217,-0.009586070664227,0.0388178341090679,Valid,"Invalid. Counterexample when E, F, and G are true",Invalid. Counterexample when E and F are true and G is false,"Invalid. Counterexample when E, F, and G are false",4000
A frameshift mutation is created when,sshleifer/tiny-gpt2,tiny-variant,2,2,-0.0171743258833885,-0.0108861103653907,-0.0082822432741522,0.0335597805678844,telomeric sequences are removed from DNA,a codon's nucleotide sequence changes so that it calls for production of a different amino acid than the original one,a base pair is either inserted or deleted in a gene,a codon's nucleotide sequence is changed so that instead of coding for a given amino acid it acts to terminate translation,4000
"To prevent desiccation and injury, the embryos of terrestrial vertebrates are encased within a fluid secreted by the",sshleifer/tiny-gpt2,tiny-variant,0,0,-0.009981445968151,-0.0063194124959409,-0.0048036752268671,0.019531525671482,amnion,chorion,allantois,yolk sac,4000
Which of the following is a second messenger that stimulates release of calcium ions into the cytoplasm?,sshleifer/tiny-gpt2,tiny-variant,1,1,-0.0226253047585487,-0.0143468892201781,-0.0109184039756655,0.0441908165812492,Prostaglandins,Inositol triphosphate,Cyclic AMP,Calmodulin,4000
Synthesis of an RNA/DNA hybrid from a single-stranded RNA template requires,sshleifer/tiny-gpt2,tiny-variant,0,0,-0.023724852129817,-0.0150449816137552,-0.011450158432126,0.046335257589817,a DNA or RNA primer and reverse transcriptase,a DNA or RNA primer and DNA polymerase,RNase only,reverse transcriptase only,4000
"In order for the Hardy-Weinberg law to operate with respect to a population of organisms, each of the following conditions must be met EXCEPT:",sshleifer/tiny-gpt2,tiny-variant,0,0,-0.023603094741702,-0.0149676809087395,-0.0113912764936685,0.0460978001356124,Genes are exchanged with other populations.,Population size is large.,Natural selection does not take place.,Matings are random.,4000
The Barr body found within female mammalian cells' nuclei is an example of,sshleifer/tiny-gpt2,tiny-variant,1,1,-0.01671052724123,-0.0105916494503617,-0.008057945407927,0.032655231654644,euchromatin,heterochromatin,a cistron,pseudogenes,4000
Which of the following is NOT a source of atmospheric carbon?,sshleifer/tiny-gpt2,tiny-variant,1,1,-0.0236173998564481,-0.014976761303842,-0.0113981934264302,0.0461257025599479,Respiration,Photosynthesis,Bacterial decomposition,Combustion of fossil fuels,4000
The concept of punctuated equilibrium refers to,sshleifer/tiny-gpt2,tiny-variant,3,3,-0.0234988182783126,-0.0149014750495553,-0.0113408453762531,0.0458944290876388,oscillating ecological successional stages,"ecological succession arrested by sudden environmental changes, e.g., fire",persistent predator-prey relationships in relatively stable environments,bursts of speciation followed by relatively unchanging lineages,4000
"When an influenza virus enters a cell, it immediately starts to do which of the following?",sshleifer/tiny-gpt2,tiny-variant,2,2,0.0225418601185083,0.0143293542787432,0.0109250042587518,-0.0438986122608184,Incorporate viral DNA into the host cell’s chromosome,Destroy the host cell’s transcriptional machinery,Replicate its genetic material and synthesize viral proteins,Use a viral copy of reverse transcriptase to manufacture viral DNA,4000
Targeting of a newly synthesized protein is most likely to require two different signal peptides for which of the following destinations?,sshleifer/tiny-gpt2,tiny-variant,3,3,0.0188326369971036,0.0119744027033448,0.0091311810538172,-0.0366645120084285,Plasma membrane,Lysosome,Cytosol,Chloroplast,4000
"In Sweden, the red fox (Vulpes vulpes) severely limits populations of its prey, including hares. However, red fox populations are sometimes attacked by a fatal parasite, the mange mite. As mite population sizes increase at a given site, how are hare and fox populations most likely to respond at the same site? (Assume that hares have no major predators at this site other than foxes.)",sshleifer/tiny-gpt2,tiny-variant,1,2,-0.0238111373037099,-0.0150997648015618,-0.0114918882027268,0.0465035438537597,Both fox and hare populations will decrease.,Both fox and hare populations will increase.,Fox populations will decrease and hare populations will increase.,Fox populations will increase and hare populations will decrease.,4000
"A cell nucleus contains which of the following?
I. DNA
II. Protein
III. RNA",sshleifer/tiny-gpt2,tiny-variant,1,3,-0.0180371776223182,-0.011433926410973,-0.0086995279416441,0.0352426022291183,I only,II only,III only,"I, II, and III",4000
"In one taxonomic classification, Archaea, Eukarya, and Bacteria represent the three major domains of life. Eukarya utilize the general transcription factors TBP (TATA-binding protein) and TFIIB in transcription, whereas Bacteria do not. At least one member of Archaea has a protein similar to TBP and a protein similar to TFIIB. Based on this observation, which of the following scenarios is most likely?",sshleifer/tiny-gpt2,tiny-variant,0,0,-0.0228304285556077,-0.0144771207123994,-0.0110176047310233,0.0445908717811107,Archaea and Eukarya diverged after their common ancestor diverged from Bacteria.,Archaea and Bacteria diverged after their common ancestor diverged from Eukarya.,Bacteria and Eukarya diverged after their common ancestor diverged from Archaea.,"Archaea, Eukarya, and Bacteria diverged simultaneously from a common ancestor.",4000
A rise in intracellular free calcium in the sea urchin oocyte causes the release of proteolytic enzymes which act to prevent polyspermy. The events just described entail the,sshleifer/tiny-gpt2,tiny-variant,2,2,0.0157960504293441,0.0100464969873428,0.0076626455411314,-0.030742272734642,zona reaction,acrosomal reaction,cortical reaction,fertilization reaction,4000
Which of the following is a benefit that mycorrhizal fungi confer to many plants?,sshleifer/tiny-gpt2,tiny-variant,2,2,-0.0229963492602109,-0.0145824616774916,-0.0110978446900844,0.0449144728481769,They protect plant roots from desiccation in extremely dry habitats.,"They fix nitrogen, which is particularly important for plants in nitrogen-limited habitats.","They provide access to phosphorus, an essential element that is limited in many kinds of soils.",They provide carbon to plants in exchange for fixed nitrogen.,4000
"Experiments on song development in birds have shown that when a young male reared in isolation hears only the song of a different bird species, he will develop an adult song repertoire that lacks certain characteristics typical of his own species. This result shows that the song of his species is most likely",sshleifer/tiny-gpt2,tiny-variant,2,2,0.0236310791224241,0.0150208882987499,0.0114517621695995,-0.0460229180753231,entirely learned during development,entirely instinctive,both instinctive and learned,dependent upon hormones for proper development,4000
Which of the following most accurately describes a retrotransposon?,sshleifer/tiny-gpt2,tiny-variant,2,2,-0.0239911787211895,-0.0152140706777572,-0.0115789575502276,0.0468546785414218,A DNA sequence that can move from one site in the genome to another without replicating,A DNA sequence that can be deleted from the genome without consequence,A DNA sequence that replicates via an RNA intermediate,A DNA sequence that replicates via a protein intermediate,4000
The soils of which of the following biomes has the highest rate of leaching and cycling of nutrients?,sshleifer/tiny-gpt2,tiny-variant,0,0,-0.016763798892498,-0.0106254713609814,-0.0080837085843086,0.0327591300010681,Tropical rain forest,Tundra,Taiga,Desert,4000
Which of the following best explains why enzymes are effective in facilitating chemical reactions?,sshleifer/tiny-gpt2,tiny-variant,3,3,-0.0205528028309345,-0.0130310766398906,-0.0099161174148321,0.0401488244533538,"They raise the temperature of the reaction mixture, thereby speeding up the conversion of reactants to products.",They alter the equilibrium constant of a reaction (K_eq) so that more reactant can be converted to product.,They increase the maximal rate of the chemical reaction (V_max).,"They lower the activation energy, thereby speeding up the conversion of reactants to products.",4000
"In the growth of a population, the point at which natality and mortality rates are equal to one another is referred to as",sshleifer/tiny-gpt2,tiny-variant,2,2,-0.0100793577730655,-0.0063815722241997,-0.0048510218039155,0.0197224952280521,a population crash,a population explosion,zero population growth,exponential growth,4000
The wings of a bat and the wings of a butterfly are,sshleifer/tiny-gpt2,tiny-variant,0,1,0.0239587090909481,0.0152288991957902,0.0116102090105414,-0.0466618910431861,homologous structures,analogous structures,vestigial structures,dissimilar in form and function,4000
The cell type comprising the pith tissue centered within a dicot stem is the,sshleifer/tiny-gpt2,tiny-variant,2,0,0.0069027063436806,0.0044001899659633,0.0033617129083722,-0.0133976023644208,parenchyma,sclerenchyma,vascular cambium,vascular bundle,4000
Mobile regions of DNA capable of inserting themselves into an existing genome are,sshleifer/tiny-gpt2,tiny-variant,3,3,-0.0237278379499912,-0.0150468796491622,-0.0114516019821167,0.0463410876691341,prions,cistrons,introns,transposons,4000
"The process in which pioneer species colonize a bare substrate such as rock, sand, or glacial till is known as",sshleifer/tiny-gpt2,tiny-variant,3,3,-0.0180997438728809,-0.0114736501127481,-0.0087297866120934,0.0353646241128444,weathering,stabilizing succession,secondary succession,primary succession,4000
Adaptations of plants to minimize water loss in environments with high temperatures include which of the following?,sshleifer/tiny-gpt2,tiny-variant,2,2,0.0188331175595521,0.0119747053831815,0.009131409227848,-0.0366654619574546,Numerous stomata,Thin cuticles,Spines instead of leaves,Large surface-to-volume ratios,4000
All of the following might be found in connective tissue EXCEPT,sshleifer/tiny-gpt2,tiny-variant,3,0,-0.0237886644899845,-0.0150854978710412,-0.0114810187369585,0.046459712088108,thrombin,glycosaminoglycans,collagens,fibroblasts,4000
Which of the following is typically NOT found in normal somatic cells of a human male?,sshleifer/tiny-gpt2,tiny-variant,1,1,-0.0226707812398672,-0.0143757620826363,-0.0109403962269425,0.0442795120179653,The entire genetic information possessed by the original zygote,An inactivated X chromosome,Forty-four autosomes,A diploid nucleus,4000
A DNA strand with the sequence 5′ CGA TTG 3′ would be complementary to the sequence,sshleifer/tiny-gpt2,tiny-variant,3,3,-0.0233697108924388,-0.0148195065557956,-0.0112784085795283,0.0456426329910755,5′ GCU AAC 3′,5′ GCT AAC 3′,5′ GTT AGC 3′,5′ CAA TCG 3′,4000
Ferns undergo alternation of generations in which a,sshleifer/tiny-gpt2,tiny-variant,0,0,-0.0238760877400636,-0.0151410000398755,-0.0115232979878783,0.0466302148997783,dominant sporophyte alternates with an independent gametophyte,dominant gametophyte alternates with a dependent sporophyte,sporophyte and a gametophyte have equal life spans,gametophyte produces gametes by meiosis,4000
Which of the following statements concerning a sarcomere of a striated muscle (such as skeletal muscle) is correct?,sshleifer/tiny-gpt2,tiny-variant,1,1,-0.0237343739718198,-0.0150510277599096,-0.0114547628909349,0.0463538356125354,During contraction H zones become elongated.,In the relaxed position tropomyosin impedes myosin's access to the binding site of actin.,Each myosin helical tail contains an actinbinding site and an ATP-hydrolyzing site.,"The proteins troponin and tropomyosin constitute the thick and thin filaments, respectively.",4000
"The sight organs of crustaceans and insects contain ommatidia, which make up the individual visual units of the",sshleifer/tiny-gpt2,tiny-variant,2,2,-0.0180619247257709,-0.0114496387541294,-0.008711495436728,0.0352908745408058,eyespot,simple eye,compound eye,binocular eye,4000
An embryologist studying the development of a vertebrate organism from the zygote stage to fetus would be justified in drawing which of the following conclusions?,sshleifer/tiny-gpt2,tiny-variant,0,0,-0.023343238979578,-0.0148026989772915,-0.011265605688095,0.0455910004675388,Ontogeny recapitulates phylogeny.,"Early embryos display identical features of their class, order, and species.",An early human embryo has features in common with early fish and avian embryos.,A human embryo displays features of adult fish and birds in the course of its development.,4000
"A stem-boring beetle has laid its eggs in the center of a 5-year-old wood twig, and the eggs have matured into larvae. In proper order (inside to outside), what tissues and tissue regions would the larvae encounter as they eat their way toward the outside of the twig? (For simplicity, assume that the epidermis has already fallen off completely.)",sshleifer/tiny-gpt2,tiny-variant,0,3,-0.0196006130427122,-0.0124265411868691,-0.0094556286931037,0.0382917560636997,Pith; primary xylem; secondary xylem; vascular cambium; primary phloem; secondary phloem; cortex,Pith; secondary xylem; primary xylem; vascular cambium; secondary phloem; primary phloem; cortex,Pith; secondary xylem; primary xylem; vascular cambium; primary phloem; secondary phloem; cortex,Pith; primary xylem; secondary xylem; vascular cambium; secondary phloem; primary phloem; cortex,4000
Which of the following would increase the rate at which a gas diffuses between the alveoli of the lung and the blood within a pulmonary capillary?,sshleifer/tiny-gpt2,tiny-variant,2,2,-0.0229271706193685,-0.0145385423675179,-0.0110643906518816,0.0447795428335666,Decreasing the partial pressure gradient of the gas,Decreasing the solubility of the gas in water,Increasing the total surface area available for diffusion,Decreasing the rate of blood flow through the pulmonary capillary,4000
The structures that act as sites of gas exchange in a woody stem are the,sshleifer/tiny-gpt2,tiny-variant,3,0,0.0161908250302076,0.0102971363812685,0.0078535638749599,-0.0315122008323669,lenticels,terminal buds,nodes,internodes,4000
A healthy person sitting at rest consciously begins to breathe too fast. Which of the following describes the change in the person’s blood caused by this hyperventilation?,sshleifer/tiny-gpt2,tiny-variant,0,1,-0.0237353704869747,-0.0150516610592603,-0.0114552462473511,0.0463557764887809,A decrease in partial pressure of carbon dioxide and an increase in concentration of hydrogen ions,A decrease in partial pressure of carbon dioxide and a decrease in concentration of hydrogen ions,An increase in partial pressure of carbon dioxide and an increase in concentration of hydrogen ions,An increase in partial pressure of carbon dioxide and a decrease in concentration of hydrogen ions,4000
The first groups of animals to develop lung tissue adequate to support their respiratory requirements without the use of supplementary gas exchange organs were the,sshleifer/tiny-gpt2,tiny-variant,2,1,0.0069954022765159,0.00445904629305,0.0034065472427755,-0.0135783730074763,amphibians,reptiles,mammals,trematoda,4000
Which of the following is a biological attribute that would most likely allow a species to become cosmopolitan in distribution?,sshleifer/tiny-gpt2,tiny-variant,2,3,-0.0238964222371578,-0.0151539100334048,-0.0115331318229436,0.046669878065586,Extreme habitat specialization,K-selected reproductive rate,Limited dispersal abilities,Capacity for long-distance dispersal,4000
"In the formation of the earliest cells, which of the following components most likely arose first?",sshleifer/tiny-gpt2,tiny-variant,1,1,-0.022251920774579,-0.0141098303720355,-0.0107378307729959,0.043462611734867,Nucleus,Plasma membrane,Mitochondrion,Flagellum,4000
The equation ΔH = ΔU + PΔV is applicable,sshleifer/tiny-gpt2,tiny-variant,2,1,-0.0167962666600942,-0.0106460815295577,-0.0080994060263037,0.0328224636614322,always,only for constant pressure processes,only for constant temperature processes,only for constant volume processes,4000
Calculate the magnetic moment (μI) of a 13C nucleus.,sshleifer/tiny-gpt2,tiny-variant,2,2,0.0235394835472106,0.0149627365171909,0.0114074675366282,-0.0458442792296409,6.1445 x 10^-27 J T-1,3.1445 x 10^-27 J T-1,9.1445 x 10^-27 J T-1,1.1445 x 10^-28 J T-1,4000
"The normal modes of a carbon dioxide molecule that are infrared-active include which of the following?
I. Bending
II. Symmetric stretching
III. Asymmetric stretching",sshleifer/tiny-gpt2,tiny-variant,3,3,-0.0234964042901992,-0.01489994302392,-0.0113396793603897,0.0458897165954113,I only,II only,III only,I and III only,4000
Which one of the following statements is true:,sshleifer/tiny-gpt2,tiny-variant,3,2,0.0238737966865301,0.0151749905198812,0.0115691469982266,-0.0464962869882583,Protons and neutrons have orbital and spin angular momentum.,"Protons have orbital and spin angular momentum, neutrons have spin angular momentum.",Protons and neutrons possess orbital angular momentum only.,Protons and neutrons possess spin angular momentum only.,4000
Which of the following is an n-type semiconductor?,sshleifer/tiny-gpt2,tiny-variant,0,3,0.0161809958517551,0.010290895588696,0.0078488104045391,-0.031493030488491,Silicon,Diamond,Silicon carbide,Arsenic-doped silicon,4000
Which of the following is the most common naturally-occurring form in which silicon is found?,sshleifer/tiny-gpt2,tiny-variant,3,3,-0.0237874872982502,-0.0150847500190138,-0.0114804506301879,0.0464574173092842,Metallic element,Sulfide,Fluoride,Oxide,4000
Which nuclide has an NMR frequency of 115.5 MHz in a 20.0 T magnetic field?,sshleifer/tiny-gpt2,tiny-variant,0,0,-0.0222252309322357,-0.0140928858891129,-0.0107249235734343,0.043410550802946,17O,19F,29Si,31P,4000
A single line is seen in the 31P spectrum of a solution of sodium phosphate. The 31P chemical shifts of H2PO4‾ and HPO42– are 3.42 ppm and 5.82 ppm respectively. What is the chemical shift when the pH of the solution equals the pKa of H2PO4‾?,sshleifer/tiny-gpt2,tiny-variant,2,3,-0.0234145075082778,-0.0148479463532567,-0.0113000711426138,0.045729998499155,3.41 ppm,3.98 ppm,4.33 ppm,4.62 ppm,4000
The Henry’s law constant for CO2 dissolved in water at 25°C is 30.0 atm M^−1. The concentration of dissolved CO2 in a vessel pressurized with 2.0 atm of CO2 is,sshleifer/tiny-gpt2,tiny-variant,2,2,-0.0234982948750257,-0.0149011434987187,-0.0113405929878354,0.0458934046328067,1.5 M,0.15 M,0.067 M,0.015 M,4000
"Of the following compounds, which has the lowest melting point?",sshleifer/tiny-gpt2,tiny-variant,1,0,0.0238696560263633,0.0151723604649305,0.0115671437233686,-0.0464882105588912,HCl,AgCl,CaCl2,CCl4,4000
The strongest base in liquid ammonia is,sshleifer/tiny-gpt2,tiny-variant,1,1,-0.022536814212799,-0.0142907071858644,-0.0108756087720394,0.0440182387828826,NH3,NH2−,NH4+,N2H4,4000
"Of the following solutions, which will have the highest ionic strength? (Assume complete dissociation.)",sshleifer/tiny-gpt2,tiny-variant,0,0,-0.0223593842238187,-0.0141780590638518,-0.0107898013666272,0.0436721928417682,0.050 M AlCl3,0.100 M NaCl,0.050 M CaCl2,0.100 M HCl,4000
"A radioactive isotope, which is used in diagnostic imaging, has a half-life of 6.0 hours. If a quantity of this isotope has an activity of 150 mCi when it is delivered to a hospital, how much activity will remain 24 hours after delivery? (mCi = microcuries)",sshleifer/tiny-gpt2,tiny-variant,3,3,-0.0228209570050239,-0.0144711080938577,-0.0110130254179239,0.0445723943412303,150 mCi,38 mCi,19 mCi,9.4 mCi,4000
"Considering 0.1 M aqueous solutions of each of the following, which solution has the lowest pH?",sshleifer/tiny-gpt2,tiny-variant,3,3,-0.0238039977848529,-0.0150952320545911,-0.0114884339272975,0.0464896187186241,Na2CO3,Na3PO4,Na2S,NaCl,4000
A molecule has a rotational correlation time of 1 ns. At what magnetic field would protons in this molecule have the fastest spin-lattice relaxation? [Use eqns 5.3 and 5.4.],sshleifer/tiny-gpt2,tiny-variant,0,0,-0.0238757915794849,-0.0151408119127154,-0.0115231545642018,0.0466296412050724,3.74 T,5.19 T,6.08 T,9.49 T,4000
"Of the following ionic substances, which has the greatest lattice enthalpy?",sshleifer/tiny-gpt2,tiny-variant,1,0,-0.0223614908754825,-0.0141793964430689,-0.0107908202335238,0.0436763018369674,MgO,MgS,NaF,NaCl,4000
Which of the following compounds has a 1H resonance approximately 1.55 kHz away from TMS on a spectrometer with a 12.0 T magnet?,sshleifer/tiny-gpt2,tiny-variant,2,1,-0.0226669516414403,-0.0143733313307166,-0.0109385456889867,0.0442720428109169,CH3F,CH3Cl,CH3Br,CH3I,4000
Calculate the equilibrium polarization of 13C nuclei in a 20.0 T magnetic field at 300 K.,sshleifer/tiny-gpt2,tiny-variant,3,3,-0.0207266379147768,-0.0131414430215954,-0.0100001851096749,0.040487851947546,10.8 x 10^-5,4.11 x 10^-5,3.43 x 10^-5,1.71 x 10^-5,4000
"The dissociation energy for a hydrogen-bromine bond is defined as the change in enthalpy, DH, for which of the following reactions?",sshleifer/tiny-gpt2,tiny-variant,3,3,0.0233256518840789,0.0148269766941666,0.011304055340588,-0.045427244156599,2 HBr(g) → H2(g) + Br2(l),HBr(g) → H+(g) + Br−(g),H(g) + Br(g) → HBr(g),HBr(g) → H(g) + Br(g),4000
The +1 oxidation state is more stable than the +3 oxidation state for which group 13 element?,sshleifer/tiny-gpt2,tiny-variant,3,3,-0.0230003427714109,-0.0145849967375397,-0.0110997762531042,0.0449222587049007,B,Al,In,Tl,4000
The number of allowed energy levels for the 55Mn nuclide are:,sshleifer/tiny-gpt2,tiny-variant,0,0,-0.0202668979763984,-0.0128495544195175,-0.0097778458148241,0.0395912304520607,3,5,8,4,4000
A substance that is NOT generally considered to be a toxic pollutant in water is,sshleifer/tiny-gpt2,tiny-variant,3,0,-0.0223627556115388,-0.0141801983118057,-0.0107914311811327,0.0436787717044353,carbonic acid,a halogenated hydrocarbon,lead,mercury,4000
Which of the following metal ions cannot be used as a paramagnetic quencher?,sshleifer/tiny-gpt2,tiny-variant,2,1,-0.0167162604629993,-0.0105952881276607,-0.0080607160925865,0.0326664187014102,Ti3+,Cr3+,Fe3+,Zn2+,4000
"During a delay, spins with an offset frequency Ω = 250 rad s-1 precess through an angle of 60°. How long is the delay?",sshleifer/tiny-gpt2,tiny-variant,2,0,-0.0238609667867422,-0.0151314018294215,-0.0115159871056675,0.0466007255017757,4.19 ms,26.3 ms,240 ms,1510 ms,4000
Which of the following is always true of a spontaneous process?,sshleifer/tiny-gpt2,tiny-variant,0,3,-0.022664776071906,-0.0143719492480158,-0.0109374932944774,0.0442677959799766,The process is exothermic.,The process does not involve any work.,The entropy of the system increases.,The total entropy of the system plus surroundings increases.,4000
"In the vibrational-rotational spectrum of a diatomic molecule, the R-branch of the spectrum is the result of which of the following transitions?",sshleifer/tiny-gpt2,tiny-variant,1,3,0.0118035953491926,0.0075117265805602,0.0057318499311804,-0.0229557827115058,ΔJ = 0; Δu = 0,ΔJ = 1; Δu = 0,ΔJ = 2; Δu = 0,ΔJ = 1; Δu = 1,4000
"Of the following atoms, which has the lowest electron affinity?",sshleifer/tiny-gpt2,tiny-variant,3,3,-0.0230974964797496,-0.0146466810256242,-0.0111467633396387,0.0451117306947708,F,Si,O,Ca,4000
"Of the following ions, which has the smallest radius?",sshleifer/tiny-gpt2,tiny-variant,2,2,0.0238701310008764,0.0151726612821221,0.0115673718973994,-0.0464891381561756,K+,Ca2+,Sc3+,Rb+,4000
What is the NMR frequency of 31P in a 20.0 T magnetic field?,sshleifer/tiny-gpt2,tiny-variant,2,2,-0.0180160533636808,-0.0114205153658986,-0.0086893122643232,0.0352014042437076,54.91 MHz,239.2 MHz,345.0 MHz,2167 MHz,4000
"Of the following compounds, which is LEAST likely to behave as a Lewis acid?",sshleifer/tiny-gpt2,tiny-variant,2,3,-0.0222332701086998,-0.0140979904681444,-0.0107288118451833,0.0434262305498123,BeCl2,MgCl2,ZnCl2,SCl2,4000
"In a population of giraffes, an environmental change occurs that favors individuals that are tallest. As a result, more of the taller individuals are able to obtain nutrients and survive to pass along their genetic information. This is an example of",sshleifer/tiny-gpt2,tiny-variant,0,0,-0.0238756313920021,-0.0151407113298773,-0.0115230772644281,0.0466293282806873,directional selection.,stabilizing selection.,sexual selection.,disruptive selection.,4000
The energy given up by electrons as they move through the electron transport chain is used to,sshleifer/tiny-gpt2,tiny-variant,3,2,-0.0223455913364887,-0.0141693018376827,-0.0107831312343478,0.043645292520523,break down glucose,make glucose,produce ATP,make NADH,4000
"During the period when life is believed to have begun, the atmosphere on primitive Earth contained abundant amounts of all the following gases EXCEPT",sshleifer/tiny-gpt2,tiny-variant,1,0,-0.016801344230771,-0.0106493066996335,-0.0081018637865781,0.0328323580324649,oxygen,hydrogen,ammonia,methane,4000
Which of the following would most likely provide examples of mitotic cell divisions?,sshleifer/tiny-gpt2,tiny-variant,2,2,-0.0206306260079145,-0.013080483302474,-0.0099537493661046,0.0403006076812744,cross section of muscle tissue,cross section of an anther (site of pollen production in a flower),longitudinal section of a shoot tip,cross section of a leaf,4000
Invertebrate immune systems possess which of the following?,sshleifer/tiny-gpt2,tiny-variant,3,1,0.0066798529587686,0.0042587020434439,0.0032539379317313,-0.0129629727452993,Cytotoxic T-lymphocytes,Phagocytes,B-cells,Helper T-cells,4000
Two unrelated species evolve in a way that makes them more similar.,sshleifer/tiny-gpt2,tiny-variant,1,1,0.0162965022027492,0.0103642288595438,0.0079046692699193,-0.0317183062434196,Divergent evolution,Convergent evolution,Parallel evolution,Coevolution,4000
Which of the following is the most likely benefit of periodic natural wildfires in some forest ecosystems?,sshleifer/tiny-gpt2,tiny-variant,2,0,0.0195152331143617,0.0124077722430229,0.0094612864777445,-0.0379958003759384,"The fires remove dead and decaying plant matter, reducing the risk of more intense and destructive fires.",The fires leach nutrients from the soil‚ preventing the germination of plants that might compete with native species.,The fires drive off herbivores whose plant-based diets reduce the amount of vegetation.,The fires dry out the soil and decrease the chance of flooding after heavy rains.,4000
A man contracts the same flu strain for the second time in a single winter season. The second time he experiences fewer symptoms and recovers more quickly. Which cells are responsible for this rapid recovery?,sshleifer/tiny-gpt2,tiny-variant,2,2,-0.0237797405570745,-0.0150798317044973,-0.0114767048507928,0.0464423149824142,Helper T cells,Cytotoxic T cells,Memory cells,Plasma cells,4000
A gas phase is generally absent from which of the following biogeochemical cycles?,sshleifer/tiny-gpt2,tiny-variant,3,3,0.0162962395697832,0.0103640630841255,0.0079045426100492,-0.0317177921533584,Water,Carbon,Sulfur,Phosphorus,4000
Which of the following is a property that is shared by Zika fever‚ West Nile fever‚ and malaria?,sshleifer/tiny-gpt2,tiny-variant,0,3,0.0217449571937322,0.0138234104961156,0.0105396164581179,-0.0423444025218486,The diseases are caused by viruses.,The diseases occur only in individuals who visit or live in tropical countries.,The pathogens that cause the diseases have developed resistance to antibiotics.,The pathogens that cause the diseases are primarily transmitted by the bite of an infected mosquito.,4000
Which of the following statements about lipids is correct?,sshleifer/tiny-gpt2,tiny-variant,2,2,0.0177735686302185,0.011302008293569,0.00861900113523,-0.034599021077156,Unsaturated fatty acids are linked to heart disease.,Lipids make up most cell surface receptors.,Phospholipids are water soluble.,Steroids are lipids that consist of glycerol and fatty acids.,4000
All of the following are examples of connective tissue EXCEPT,sshleifer/tiny-gpt2,tiny-variant,2,1,0.02334975451231,0.014842277392745,0.0113157108426094,-0.0454742461442947,ligaments,muscle,blood,cartilage,4000
"The calypso orchid, Calypso bulbosa, grows in close association with mycorrhizae fungi. The fungi penetrate the roots of the flower and take advantage of the plant's food resources. The fungi concentrate rare minerals, such as phosphates, in the roots and make them readily accessible to the orchid. This situation is an example of",sshleifer/tiny-gpt2,tiny-variant,2,2,-0.0233403984457254,-0.0148008968681097,-0.0112642329186201,0.0455854646861553,parasitism,commensalism,mutualism,endosymbiosis,4000
ADH is a hormone secreted by the kidneys that reduces the amount of water excreted in the urine. ADH is released in times of dehydration. This is an example of,sshleifer/tiny-gpt2,tiny-variant,3,1,0.0178160425275564,0.0113289738073945,0.008639539591968,-0.0346818603575229,innate behavior.,maintaining homeostasis.,failure to respond to the environment.,positive feedback.,4000
Which of the following statements best describes what a Barr body is and its significance?,sshleifer/tiny-gpt2,tiny-variant,2,2,-0.0194629300385713,-0.012339124456048,-0.0093890391290187,0.0380232408642768,It is an inactivated Y chromosome and results in a man being sterile.,"It is an inactivated Y chromosome, and the person who has it appears female.",It is an inactivated X chromosome and results in females with half their cells having one X inactivated and the other half of their cells having the other X inactivated.,It is an inactivated X chromosome and results in females who are sterile.,4000
A heterotroph,sshleifer/tiny-gpt2,tiny-variant,0,1,-0.0237252730876207,-0.0150452507659792,-0.011450364254415,0.046336080878973,"obtains its energy from sunlight, harnessed by pigments",obtains its energy by oxidizing organic molecules,makes organic molecules from CO2,obtains its energy by consuming exclusively autotrophs,4000
Which of the following reactions occurs in the forward direction during glycolysis but in the reverse direction during fermentation?,sshleifer/tiny-gpt2,tiny-variant,2,2,-0.0207666922360658,-0.0131668718531727,-0.0100195547565817,0.0405659712851047,pyruvate → lactate,pyruvate → ethanol,NAD+ + H+ + 2e- → NADH,ADP + P → ATP,4000
Which of the following statements most accurately explains what EcoR1 is?,sshleifer/tiny-gpt2,tiny-variant,2,2,-0.0206636525690555,-0.0131014538928866,-0.0099697252735495,0.0403650067746639,It is a bacterium that lives in the human large intestine.,"It is the best-studied bacteriophage, a virus that attacks E. coli.",It is a restriction enzyme extracted from E. coli.,It is a type of DNA used extensively in research.,4000
The development of an egg without fertilization is known as,sshleifer/tiny-gpt2,tiny-variant,0,1,-0.0114227244630455,-0.0072344676591455,-0.0055006952024996,0.0223424453288316,meiosis,parthenogenesis,embryogenesis,vegetative propagation,4000
"In minks, the gene for brown fur (B) is dominant over the gene for silver fur (b). Which set of genotypes represents a cross that could produce offspring with silver fur from parents that both have brown fur?",sshleifer/tiny-gpt2,tiny-variant,2,2,0.0238734055310487,0.0151747409254312,0.0115689560770988,-0.0464955233037471,BB BB,BB Bb,Bb Bb,Bb bb,4000
"If, on average, 46% of the loci in a species' gene pool are heterozygous, then the average homozygosity of the species should be",sshleifer/tiny-gpt2,tiny-variant,1,2,-0.023896237835288,-0.015153793618083,-0.0115330424159765,0.0466695204377174,23%,46%,54%,92%,4000
Which of the following contributes the MOST to genetic variability in a population?,sshleifer/tiny-gpt2,tiny-variant,0,3,-0.0236174222081899,-0.0149767771363258,-0.0113982055336236,0.0461257435381412,Sporulation,Binary fission,Vegetative propagation,Mutation,4000
A researcher conducts a survey of a biome and finds 35 percent more species than she has found in any other biome. Which biome is she most likely to be in?,sshleifer/tiny-gpt2,tiny-variant,3,2,-0.0223662946373224,-0.0141824465245008,-0.0107931438833475,0.0436856709420681,Tundra,Tiaga,Tropical rainforest,Temperate deciduous forest,4000
"In humans, fertilization normally occurs in the",sshleifer/tiny-gpt2,tiny-variant,1,1,0.023348893970251,0.0148417316377162,0.0113152954727411,-0.0454725697636604,ovary,fallopian tube,uterus,placenta,4000
The Krebs cycle in humans occurs in the,sshleifer/tiny-gpt2,tiny-variant,2,0,0.0238699186593294,0.0151725262403488,0.0115672694519162,-0.0464887246489524,mitochondrial matrix,inner mitochondrial membrane,outer mitochondrial membrane,intermembrane space,4000
During which phase of the cell cycle does the quantity of DNA in a eukaryotic cell typically double?,sshleifer/tiny-gpt2,tiny-variant,3,3,-0.0168006103485822,-0.0106488419696688,-0.0081015080213546,0.0328309275209903,G_1,G_2,M,S,4000
Which of the following is a biotic factor that could affect the growth rate of a population?,sshleifer/tiny-gpt2,tiny-variant,1,3,0.0188757143914699,0.0120017463341355,0.0091520063579082,-0.0367485433816909,Volcanic eruption,Glacier melting,Destruction of the ozone layer,Sudden reduction in the animal food resource,4000
This biome contains trees that drop their leaves during the winter months.,sshleifer/tiny-gpt2,tiny-variant,3,3,-0.0237271543592214,-0.0150464456528425,-0.0114512722939252,0.0463397502899169,Desert,Tundra,Taiga,Deciduous forests,4000
All of the following are modes of asexual reproduction EXCEPT,sshleifer/tiny-gpt2,tiny-variant,2,3,-0.0225443542003631,-0.0142954951152205,-0.0108792558312416,0.0440329425036907,sporulation,fission,budding,meiosis,4000
Chemical substances released by organisms that elicit a physiological or behavioral response in other members of the same species are known as,sshleifer/tiny-gpt2,tiny-variant,2,2,-0.0167418792843818,-0.0106115527451038,-0.0080731054767966,0.0327163822948932,auxins,hormones,pheromones,enzymes,4000
The net ionic equation expected when solutions of NH4Br and AgNO3 are mixed together is,sshleifer/tiny-gpt2,tiny-variant,0,0,-0.0173115357756614,-0.0109732262790203,-0.0083486018702387,0.0338273793458938,Ag+(aq) + Br-(aq) → AgBr(s),NH4+(aq) + Ag+(aq) → Ag(NH4)3+2(aq),Br-(aq) + NO3-(aq) → NO3Br(aq),NH4Br(aq) + NO3-(aq) → NH4NO3(aq) + Br-(aq),4000
The symbol for antimony is,sshleifer/tiny-gpt2,tiny-variant,1,1,-0.0230819806456565,-0.0146368285641074,-0.0111392587423324,0.0450814701616764,W,Sb,Fe,An,4000
Monatomic ions of the representative elements are often,sshleifer/tiny-gpt2,tiny-variant,2,2,-0.0236158482730388,-0.0149757759645581,-0.011397442780435,0.0461226738989353,very soluble,very electronegative,isoelectronic with a noble gas,highly colored,4000
Hund's rule requires that,sshleifer/tiny-gpt2,tiny-variant,0,3,0.0179226472973823,0.0113966567441821,0.0086910966783761,-0.0348897650837898,no two electrons can have the same four quantum numbers,no two electrons with the same spin can occupy an orbital,no two electrons can occupy separate orbitals,no two electrons can pair up if there is an empty orbital at the same energy level available,4000
What is the molarity of a sodium hydroxide solution that requires 42.6 mL of 0.108 M HCl to neutralize 40.0 mL of the base?,sshleifer/tiny-gpt2,tiny-variant,1,2,-0.0236029885709285,-0.014967611990869,-0.0113912224769592,0.046097595244646,0.0641 M,1.64 M,0.115 M,0.400 mol/L,4000
Which of the following substances has an asymmetrical molecular structure?,sshleifer/tiny-gpt2,tiny-variant,1,0,-0.0115791102871298,-0.0073337564244866,-0.005576326046139,0.0226474460214376,SF4,PCl5,BF3,CO2,4000
Which of the following is expected to have the largest bond polarity?,sshleifer/tiny-gpt2,tiny-variant,1,1,-0.0236145053058862,-0.0149749247357249,-0.0113967945799231,0.0461200512945652,S–O,P–F,C–B,C–N,4000
"A liquid element that is a dark-colored, nonconducting substance at room temperature is",sshleifer/tiny-gpt2,tiny-variant,2,1,-0.023615688085556,-0.0149756763130426,-0.0113973673433065,0.0461223609745502,mercury,bromine,iodine,bismuth,4000
The molecule with a tetrahedral shape is,sshleifer/tiny-gpt2,tiny-variant,3,3,-0.020251965150237,-0.0128400791436433,-0.0097706308588385,0.0395620912313461,PCl4F,BF3,CO2,CBr4,4000
The ideal gas law is successful for most gases because,sshleifer/tiny-gpt2,tiny-variant,3,2,-0.0223557297140359,-0.0141757382079958,-0.0107880337163805,0.0436650663614273,room temperature is high,volumes are small,gas particles do not interact significantly,gases are dimers,4000
What is an alpha particle?,sshleifer/tiny-gpt2,tiny-variant,1,1,-0.0237876996397972,-0.0150848841294646,-0.0114805530756711,0.0464578345417976,Another name for an electron,Another name for a helium nucleus,Another name for a positron,Another name for a cosmic ray,4000
"Of the following pairs of elements, which pair has the second element with the larger electronegativity based on its position in the periodic table?",sshleifer/tiny-gpt2,tiny-variant,3,3,-0.0233743097633123,-0.014822426252067,-0.0112806325778365,0.0456515997648239,"Oxygen, chromium","Chlorine, iodine","Calcium, cesium","Sulfur, nitrogen",4000
"para-dichlorobenzene is used as ""mothballs."" This compound can also be named",sshleifer/tiny-gpt2,tiny-variant,0,3,-0.0239913072437047,-0.0152141526341438,-0.0115790199488401,0.0468549318611621,"1,2-dichlorobenzene","1,3-dichlorobenzene","2,4-dichlorobenzene","1,4-dichlorobenzene",4000
"Each resonance form of the nitrate ion, NO3-, has how many sigma and how many pi bonds?",sshleifer/tiny-gpt2,tiny-variant,2,3,-0.0223620403558015,-0.0141797447577118,-0.0107910856604576,0.0436773709952831,1 sigma and 2 pi,2 sigma and 1 pi,1 sigma and 1 pi,3 sigma and 1 pi,4000
Which of the following can form hydrogen bonds?,sshleifer/tiny-gpt2,tiny-variant,3,3,0.0239584632217884,0.0152287436649203,0.011610091663897,-0.0466614067554473,CH3OCH2CH3,HCN,CH3OCH2Br,CH3NH2,4000
The functional group that represents an organic acid is written as (Note: R represents the rest of the molecule),sshleifer/tiny-gpt2,tiny-variant,2,2,-0.0222404152154922,-0.0141025278717279,-0.0107322670519351,0.0434401668608188,RCHO,ROH,RCOOH,RCl,4000
The subatomic particle with the most penetrating ability is,sshleifer/tiny-gpt2,tiny-variant,1,0,-0.0113919880241155,-0.0072149536572396,-0.0054858312942087,0.0222825035452842,a beta particle,a neutron,a proton,an alpha particle,4000
The name for CH3CHBrCHClCH2CH3 is,sshleifer/tiny-gpt2,tiny-variant,2,2,0.0177733208984136,0.0113018481060862,0.008618876338005,-0.0345985479652881,dibromotrichloropropane,dibromotrichloropentane,"2-bromo, 3-chloropentane","2,3-bromochloropentane",4000
"How many electrons, neutrons, and protons are in an atom of 52Cr?",sshleifer/tiny-gpt2,tiny-variant,3,3,-0.0238314699381589,-0.0151126720011234,-0.0115017192438244,0.0465432032942771,"24 electrons, 24 protons, 24 neutrons","27 electrons, 27 protons, 24 neutrons","24 electrons, 28 protons, 24 neutrons","24 electrons, 24 protons, 28 neutrons",4000
"Sulfur dioxide reacts with oxygen to form sulfur trioxide in the presence of a catalyst. The equilibrium constant, Kp, at a certain temperature is 3.0 × 10^22. A 2.0-liter flask has enough SO3 added to it to produce a pressure of 0.789 atm Hg. After the reaction comes to equilibrium, the expected partial pressure of O2 will be",sshleifer/tiny-gpt2,tiny-variant,1,3,-0.0233259461820125,-0.014791720546782,-0.011257242411375,0.0455572754144668,2.88 × 10^-6 torr,3 × 10^-18 mm Hg,1100 mm Hg,1.32 × 10^-5 torr,4000
"How many electrons, neutrons, and protons are in an atom of Cr?",sshleifer/tiny-gpt2,tiny-variant,3,3,0.0177901051938533,0.0113125061616301,0.0086269956082105,-0.0346312746405601,"24 electrons, 24 protons, 24 neutrons","27 electrons, 27 protons, 24 neutrons","24 electrons, 28 protons, 24 neutrons",more information is needed to answer this question,4000
An ideal solution is a,sshleifer/tiny-gpt2,tiny-variant,1,2,-0.0207598228007555,-0.0131625114008784,-0.0100162336602807,0.0405525676906108,mixture where two solvents can be dissolved in all ratios,mixture that has the same physical properties as the individual solvents,mixture where the potential energy of the mixture is the same as that of the individual solvents,mixture that is colorless,4000
Chlorine gas reacts most readily with,sshleifer/tiny-gpt2,tiny-variant,2,1,-0.0225479807704687,-0.0142977982759475,-0.0108810095116496,0.0440400131046772,toluene,ethylene,ethanoic acid,ethane,4000
An ester is made by reacting,sshleifer/tiny-gpt2,tiny-variant,0,2,-0.0223709251731634,-0.0141853848472237,-0.0107953809201717,0.0436947047710418,an amine and an alcohol,two different alcohols,an alcohol and an acid,an acid and a base,4000
A solution is prepared by dissolving 30.0 grams of Ni(NO3)2 in enough water to make 250 mL of solution. What is the molarity of this solution?,sshleifer/tiny-gpt2,tiny-variant,2,1,-0.0228392351418733,-0.01448271330446,-0.0110218646004796,0.0446080416440963,0.496 molar,0.656 mol/L,3.3 molar,6.3 × 10^-3 molar,4000
What is the derivative of f(x) = 3x^2 + 5x - 7?,sshleifer/tiny-gpt2,tiny-variant,0,0,-0.0237758718430995,-0.0150773739442229,-0.0114748319610953,0.0464347675442695,6x + 5,3x + 5,6x - 7,x^2 + 5,4000
What is the integral of f(x) = 3x^2?,sshleifer/tiny-gpt2,tiny-variant,0,1,-0.0223627742379903,-0.0141802122816443,-0.0107914423570036,0.0436788015067577,x^3,x^3 + C,3x,6x,4000
What is the Taylor series expansion of  e^x around x=0?,sshleifer/tiny-gpt2,tiny-variant,3,0,-0.0171686355024576,-0.0108824968338012,-0.0082794902846217,0.0335486866533756,1 + x + x^2/2! + x^3/3! + ...,1 + x + x^2 + x^3 + ...,x + x^2/2 + x^3/6 + ...,x + x^2 + x^3 + ...,4000
What is the rank of a 3×3 identity matrix?,sshleifer/tiny-gpt2,tiny-variant,3,3,-0.0230927392840385,-0.0146436598151922,-0.0111444611102342,0.0451024584472179,0,1,2,3,4000
"If A is an invertible matrix, what is (-A^-1)^-1?",sshleifer/tiny-gpt2,tiny-variant,0,0,0.0239586010575294,0.0152288321405649,0.0116101596504449,-0.0466616787016391,A,A^T,0,Identity matrix,4000
What is the area under the standard normal curve?,sshleifer/tiny-gpt2,tiny-variant,1,1,-0.0219587162137031,-0.0139236785471439,-0.010596034117043,0.0428907722234725,0,1,π,2,4000
Which mathematical property states that  a(b+c)=ab+ac?,sshleifer/tiny-gpt2,tiny-variant,2,2,0.0163820162415504,0.0104185221716761,0.0079460255801677,-0.0318850837647914,Associative,Commutative,Distributive,Identity,4000
What is the sum of the first n natural numbers?,sshleifer/tiny-gpt2,tiny-variant,3,0,-0.0166918374598026,-0.0105797825381159,-0.0080489050596952,0.0326187908649444,n(n+1)/2,n^2,n(n-1)/2,n!,4000
The binomial theorem states that (a+b)^n expands to:,sshleifer/tiny-gpt2,tiny-variant,1,1,-0.0238028112798929,-0.0150944776833057,-0.0114878602325916,0.0464873053133487,A sequence of Fibonacci numbers,A sum involving binomial coefficients,An arithmetic progression,A single term,4000
The function f(x)=x^3-3x+2 has how many real roots?,sshleifer/tiny-gpt2,tiny-variant,1,2,0.0162654258310794,0.0103445006534457,0.0078896423801779,-0.0316576957702636,1,2,3,0,4000
The derivative of x^x  with respect to x is:,sshleifer/tiny-gpt2,tiny-variant,0,0,-0.0237248670309782,-0.0150449927896261,-0.0114501668140292,0.0463352911174297,x^x (1 + ln(x)),x^x ln(x),x^(x-1),e^x,4000
What is the rank of a zero matrix of any dimension?,sshleifer/tiny-gpt2,tiny-variant,3,0,-0.0236165858805179,-0.0149762462824583,-0.0113978013396263,0.0461241081357002,0,1,Equal to the number of columns,Equal to the number of rows,4000
Which function is its own derivative?,sshleifer/tiny-gpt2,tiny-variant,0,0,0.0238696839660406,0.015172379091382,0.0115671576932072,-0.0464882664382457,e^x,x^2,sin(x),ln(x),4000
What is the Laplace transform of 1?,sshleifer/tiny-gpt2,tiny-variant,0,0,-0.0115168886259198,-0.0072942543774843,-0.0055462373420596,0.0225260891020298,1/s,s,e^s,ln(s),4000
What is the rank of a 3×3 identity matrix?,sshleifer/tiny-gpt2,tiny-variant,2,3,-0.0230927392840385,-0.0146436598151922,-0.0111444611102342,0.0451024584472179,0,1,2,3,4000
What is the sum of the infinite geometric series  1/2+1/4+1/8?,sshleifer/tiny-gpt2,tiny-variant,2,0,0.0239587221294641,0.0152289057150483,0.0116102145984768,-0.0466619171202182,1,2,2-Jan,Infinity,4000
The divergence of a vector field measures:,sshleifer/tiny-gpt2,tiny-variant,1,1,0.0238779820501804,0.0151776457205414,0.0115711688995361,-0.0465044490993022,Circulation,Expansion or contraction,Curl,Gradient,4000
"What is the dot product of (1,2,3)and (4,5,6)?",sshleifer/tiny-gpt2,tiny-variant,0,0,-0.0230070631951093,-0.0145892640575766,-0.0111030265688896,0.0449353605508804,32,21,45,10,4000
The Cauchy-Schwarz inequality states that for vectors  u and v :,sshleifer/tiny-gpt2,tiny-variant,1,0,0.0118762897327542,0.0075578792020678,0.005767005495727,-0.0230975579470396,|u · v| <= ||u|| ||v||,|u · v| >= ||u|| ||v||,||u + v|| <= ||u|| + ||v||,||u - v|| >= ||u|| - ||v||,4000
What is the curl of the gradient of a scalar function?,sshleifer/tiny-gpt2,tiny-variant,0,0,-0.0237275771796703,-0.0150467129424214,-0.0114514771848917,0.0463405773043632,Zero vector,Divergence,Laplacian,Identity matrix,4000
The function f(x)=1/x  has a vertical asymptote at:,sshleifer/tiny-gpt2,tiny-variant,0,0,-0.0222270395606756,-0.0140940342098474,-0.0107257980853319,0.043414082378149,x=0,x=1,y=0,x=-1,4000
What is the derivative of sin(x) with respect to x?,sshleifer/tiny-gpt2,tiny-variant,0,0,0.023958720266819,0.0152289047837257,0.0116102136671543,-0.0466619133949279,cos(x),#NAME?,sin(x),#NAME?,4000
What is the integral of 1/x with respect to x?,sshleifer/tiny-gpt2,tiny-variant,0,0,-0.0226164869964122,-0.0143412919715046,-0.0109141403809189,0.0441736169159412,ln|x| + C,e^x + C,1/x + C,x ln(x) - x + C,4000
What is the solution to the equation x^2 - 4 = 0?,sshleifer/tiny-gpt2,tiny-variant,0,0,-0.0237869992852211,-0.0150844398885965,-0.011480214074254,0.0464564673602581,x = ±2,x = 2,x = -2,x = 0,4000
Which of the following is a property of a determinant of a square matrix?,sshleifer/tiny-gpt2,tiny-variant,0,0,-0.0206921678036451,-0.013119556941092,-0.0099835153669118,0.0404206216335296,det(AB) = det(A) det(B),det(A+B) = det(A) + det(B),det(A) = det(A^T),det(A) = 0 for all invertible matrices,4000
What is the probability of getting a head in a fair coin toss?,sshleifer/tiny-gpt2,tiny-variant,1,0,0.016167115420103,0.0102820834144949,0.0078420965000987,-0.0314659662544727,2-Jan,3-Jan,4-Jan,1,4000
What is the value of x if 3x - 5 = 10?,sshleifer/tiny-gpt2,tiny-variant,0,0,0.0233500823378562,0.0148424860090017,0.011315869167447,-0.0454748831689357,5,3,7,6,4000
What is the solution to x^2 - 9 = 0?,sshleifer/tiny-gpt2,tiny-variant,2,0,-0.0223441459238529,-0.0141683844849467,-0.0107824327424168,0.0436424762010574,x = ±3,x = 3,x = -3,x = 0,4000
Which of the following is a factor of x^2 - 5x + 6?,sshleifer/tiny-gpt2,tiny-variant,1,1,-0.0237771272659301,-0.0150781711563467,-0.0114754401147365,0.0464372113347053,(x + 2),(x - 3),(x - 1),(x - 4),4000
What is the value of 2^3?,sshleifer/tiny-gpt2,tiny-variant,0,0,-0.0231379009783267,-0.0146723315119743,-0.0111663034185767,0.0451905317604541,8,6,9,4,4000
What is the sum of the interior angles of a quadrilateral?,sshleifer/tiny-gpt2,tiny-variant,0,0,0.0238693226128816,0.0151721481233835,0.0115669816732406,-0.046487558633089,360°,180°,270°,90°,4000
What is the area of a rectangle with length 5 and width 4?,sshleifer/tiny-gpt2,tiny-variant,2,0,0.0233467184007167,0.0148403504863381,0.0113142430782318,-0.0454683192074298,20,10,15,25,4000
Which shape has all sides equal and all angles 90°?,sshleifer/tiny-gpt2,tiny-variant,3,0,-0.0116462092846632,-0.0073763565160334,-0.005608775652945,0.0227783098816871,Square,Rectangle,Rhombus,Trapezium,4000
What is the circumference of a circle with radius r?,sshleifer/tiny-gpt2,tiny-variant,0,0,-0.0230089798569679,-0.0145904812961816,-0.0111039550974965,0.0449390895664691,2πr,πr^2,πd,r^2,4000
What is cos(0°)?,sshleifer/tiny-gpt2,tiny-variant,2,0,-0.0218081548810005,-0.0138280885294079,-0.0105232205241918,0.0425971299409866,1,0,-1,2-Jan,4000
What is tan(45°)?,sshleifer/tiny-gpt2,tiny-variant,2,0,0.0238773673772811,0.0151772573590278,0.0115708736702799,-0.0465032532811164,1,√3,1/√3,0,4000
Which trigonometric identity is correct?,sshleifer/tiny-gpt2,tiny-variant,3,0,-0.0238320846110582,-0.0151130631566047,-0.0115020172670483,0.0465443953871727,sin^2(x) + cos^2(x) = 1,sin(x) = cos(x),tan(x) = sin(x) / cos(x),cot(x) = 1/sin(x),4000
What is sin(90°)?,sshleifer/tiny-gpt2,tiny-variant,2,0,-0.0218109115958213,-0.0138298384845256,-0.0105245541781187,0.0426025092601776,1,0,-1,2-Jan,4000
"What is the median of the numbers 3, 7, 9, 2, 5?",sshleifer/tiny-gpt2,tiny-variant,0,0,-0.0115376021713018,-0.0073074046522378,-0.0055562546476721,0.0225664861500263,5,3,7,6,4000
"What is the mode of the numbers 4, 5, 6, 5, 7, 5, 8?",sshleifer/tiny-gpt2,tiny-variant,1,0,-0.0230040568858385,-0.0145873557776212,-0.011101571843028,0.0449295006692409,5,6,7,8,4000
"What is the range of the data set 2, 4, 8, 10?",sshleifer/tiny-gpt2,tiny-variant,2,0,-0.0203055348247289,-0.0128740845248103,-0.0097965309396386,0.0396665818989276,8,6,10,2,4000
"If the mean of 3, 5, x, and 7 is 6, what is x?",sshleifer/tiny-gpt2,tiny-variant,0,0,-0.0237269476056098,-0.015046315267682,-0.0114511745050549,0.0463393479585647,9,8,7,6,4000
What is the probability of rolling an even number on a fair 6-sided die?,sshleifer/tiny-gpt2,tiny-variant,0,0,-0.023788746446371,-0.0150855481624603,-0.0114810587838292,0.0464598760008811,2-Jan,3-Jan,6-Jan,3-Feb,4000
What is the probability of getting tails when flipping a fair coin?,sshleifer/tiny-gpt2,tiny-variant,0,0,-0.0237280204892158,-0.0150469923391938,-0.0114516895264387,0.0463414452970027,2-Jan,3-Jan,4-Jan,1,4000
"If a bag contains 3 red, 2 blue, and 5 green marbles, what is the probability of drawing a blue marble?",sshleifer/tiny-gpt2,tiny-variant,0,0,0.0188066959381103,0.0119579304009675,0.0091186314821243,-0.0366139337420463,5-Jan,2-Jan,3-Jan,10-Jan,4000
What is 5^0?,sshleifer/tiny-gpt2,tiny-variant,2,0,-0.023082572966814,-0.0146372029557824,-0.0111395427957177,0.0450826287269592,1,5,0,Undefined,4000
What is (2^3) * (2^4)?,sshleifer/tiny-gpt2,tiny-variant,0,0,-0.0230011269450187,-0.0145854968577623,-0.0111001580953598,0.0449237786233425,2^7,2^12,2^6,2^8,4000
What is the value of 8 + 5?,sshleifer/tiny-gpt2,tiny-variant,0,0,-0.0231387354433536,-0.0146728623658418,-0.0111667048186063,0.0451921559870243,13,12,14,15,4000
What is the value of 15 - 9?,sshleifer/tiny-gpt2,tiny-variant,0,1,-0.023140475153923,-0.0146739669144153,-0.0111675485968589,0.0451955571770668,5,6,7,8,4000
What is the value of 4 × 6?,sshleifer/tiny-gpt2,tiny-variant,1,0,-0.0231389626860618,-0.0146730067208409,-0.0111668156459927,0.0451926030218601,24,20,18,16,4000
What is the value of 36 ÷ 4?,sshleifer/tiny-gpt2,tiny-variant,2,2,-0.0218133591115474,-0.0138313919305801,-0.0105257360264658,0.0426072813570499,8,6,9,7,4000
What is the perimeter of a square with side length 5?,sshleifer/tiny-gpt2,tiny-variant,0,0,-0.0230989940464496,-0.0146476309746503,-0.0111474869772791,0.0451146513223648,20,25,10,15,4000
What is the area of a triangle with base 4 and height 3?,sshleifer/tiny-gpt2,tiny-variant,0,2,0.0233486741781234,0.0148415947332978,0.0113151911646127,-0.0454721413552761,12,7,6,8,4000
What is the circumference of a circle with diameter 10?,sshleifer/tiny-gpt2,tiny-variant,0,0,-0.0114554828032851,-0.0072552659548819,-0.0055165379308164,0.0224063359200954,31.4,25.1,15.7,30,4000
What is the value of x in the equation x + 3 = 7?,sshleifer/tiny-gpt2,tiny-variant,0,0,-0.0225266925990581,-0.0142842810600996,-0.0108707128092646,0.0439984947443008,4,5,3,7,4000
What is the solution to 2x = 10?,sshleifer/tiny-gpt2,tiny-variant,1,0,-0.0218252800405025,-0.013838960789144,-0.0105315027758479,0.0426305308938026,5,3,2,10,4000
What is 3^2?,sshleifer/tiny-gpt2,tiny-variant,1,1,0.0068890475668013,0.0043915179558098,0.0033551072701811,-0.0133709646761417,6,9,12,3,4000
What is 5^1?,sshleifer/tiny-gpt2,tiny-variant,0,0,0.0067553841508924,0.0043066563084721,0.0032904658000916,-0.0131102818995714,5,0,1,10,4000
What is the area of a rectangle with length 8 and width 3?,sshleifer/tiny-gpt2,tiny-variant,2,0,0.023348020389676,0.0148411793634295,0.0113148754462599,-0.0454708635807037,24,28,30,32,4000
What is the perimeter of a rectangle with length 7 and width 5?,sshleifer/tiny-gpt2,tiny-variant,0,0,0.0233503617346286,0.0148426657542586,0.0113160051405429,-0.0454754307866096,24,20,22,18,4000
"What is the mean of the numbers 2, 4, 6, 8?",sshleifer/tiny-gpt2,tiny-variant,0,0,-0.022538524121046,-0.0142917921766638,-0.0108764339238405,0.0440215729176998,5,6,4,3,4000
"What is the median of the numbers 1, 3, 7, 9, 11?",sshleifer/tiny-gpt2,tiny-variant,3,0,-0.0114549240097403,-0.0072549115866422,-0.0055162678472697,0.0224052462726831,7,6,8,9,4000
What is the probability of rolling a 3 on a fair 6-sided die?,sshleifer/tiny-gpt2,tiny-variant,0,0,0.0239583775401115,0.0152286887168884,0.0116100497543811,-0.0466612428426742,6-Jan,2-Jan,3-Jan,4-Jan,4000
What is the probability of getting an odd number on a fair 6-sided die?,sshleifer/tiny-gpt2,tiny-variant,2,0,-0.0237889885902404,-0.0150857027620077,-0.0114811770617961,0.0464603491127491,2-Jan,3-Jan,6-Jan,4-Jan,4000
What is the solution to the equation x^2 = 16?,sshleifer/tiny-gpt2,tiny-variant,1,0,-0.0236145667731761,-0.0149749647825956,-0.0113968243822455,0.0461201705038547,x = 4,x = -4,x = 2,x = 0,4000
What is the area of a triangle with base 10 and height 2?,sshleifer/tiny-gpt2,tiny-variant,3,0,0.0233483668416738,0.0148413982242345,0.0113150402903556,-0.045471541583538,10,20,30,40,4000
What is the value of 3x - 4 = 17?,sshleifer/tiny-gpt2,tiny-variant,0,0,-0.0230946857482194,-0.0146448947489261,-0.0111454026773571,0.0451062507927417,7,12,14,15,4000
What is the probability of drawing an Ace from a deck of 52 cards?,sshleifer/tiny-gpt2,tiny-variant,2,0,-0.0223689638078212,-0.0141841415315866,-0.0107944346964359,0.0436908788979053,13-Jan,13-Feb,4-Mar,6-May,4000
What is the result of 5 + 5?,sshleifer/tiny-gpt2,tiny-variant,0,0,-0.0231443401426076,-0.0146764200180768,-0.0111694149672985,0.0452030897140502,10,5,1,0,4000
What is the square root of 256?,sshleifer/tiny-gpt2,tiny-variant,0,0,-0.0210956260561943,-0.0133757097646594,-0.0101786330342292,0.0412074886262416,16,8,4,2,4000
Which measure of central tendency represents the middle value of an ordered dataset?,sshleifer/tiny-gpt2,tiny-variant,3,1,0.0233479999005794,0.0148411644622683,0.0113148633390665,-0.0454708226025104,Mean,Median,Mode,Range,4000
What type of graph is best suited to display the frequency of categorical data?,sshleifer/tiny-gpt2,tiny-variant,2,1,-0.0230072550475597,-0.0145893860608339,-0.0111031206324696,0.0449357330799102,Histogram,Pie Chart,Scatter Plot,Box Plot,4000
Which of the following is NOT a measure of dispersion?,sshleifer/tiny-gpt2,tiny-variant,2,2,-0.0225491784512996,-0.0142985573038458,-0.0108815878629684,0.0440423488616943,Standard Deviation,Variance,Median,Range,4000
What does a box plot (box-and-whisker plot) display?,sshleifer/tiny-gpt2,tiny-variant,1,1,-0.0134682087227702,-0.008533127605915,-0.0064899162389338,0.0263317544013261,"Mean, mode, and range","Median, quartiles, and outliers",Only the average value,The frequency of values,4000
What does a positively skewed (right-skewed) distribution indicate?,sshleifer/tiny-gpt2,tiny-variant,0,0,0.0188975818455219,0.0120156332850456,0.0091625852510333,-0.0367911830544471,The mean is greater than the median,The median is greater than the mean,The distribution is symmetric,All values are equal,4000
Which sampling method ensures every individual in the population has an equal chance of being selected?,sshleifer/tiny-gpt2,tiny-variant,2,2,-0.0222455263137817,-0.0141057716682553,-0.0107347378507256,0.0434501394629478,Stratified Sampling,Systematic Sampling,Random Sampling,Cluster Sampling,4000
"If a dataset has an outlier, which measure of central tendency is least affected?",sshleifer/tiny-gpt2,tiny-variant,2,1,-0.0117498338222503,-0.0074421465396881,-0.0056588896550238,0.0229804068803787,Mean,Median,Mode,Range,4000
Which probability rule states that the probability of two independent events occurring is the product of their individual probabilities?,sshleifer/tiny-gpt2,tiny-variant,2,1,-0.0237759258598089,-0.0150774093344807,-0.0114748599007725,0.0464348681271076,Addition Rule,Multiplication Rule,Conditional Probability,Bayes Theorem,4000
What does a correlation coefficient of -0.9 indicate?,sshleifer/tiny-gpt2,tiny-variant,0,0,-0.0236162208020687,-0.0149760143831372,-0.0113976243883371,0.0461233966052532,A strong negative relationship,A weak negative relationship,No correlation,A strong positive relationship,4000
"In hypothesis testing, what is the null hypothesis (H?)?",sshleifer/tiny-gpt2,tiny-variant,0,0,-0.0238606296479702,-0.0151311866939067,-0.0115158231928944,0.0466000698506832,The hypothesis that there is no effect or no difference,The hypothesis that there is a significant difference,A hypothesis that is always false,A hypothesis that is proven to be true,4000
Which of the following is used to measure how spread out the values in a dataset are?,sshleifer/tiny-gpt2,tiny-variant,2,2,0.0161887146532535,0.0102957962080836,0.0078525431454181,-0.0315080843865871,Mean,Median,Standard Deviation,Mode,4000
What type of probability is based on past data or experiments?,sshleifer/tiny-gpt2,tiny-variant,0,1,-0.0169205274432897,-0.0107249775901436,-0.0081595042720437,0.0330647975206375,Theoretical Probability,Empirical Probability,Subjective Probability,Conditional Probability,4000
"In a normal distribution, what percentage of data falls within one standard deviation of the mean?",sshleifer/tiny-gpt2,tiny-variant,3,1,0.0239589437842369,0.0152290482074022,0.0116103235632181,-0.0466623455286026,50%,68%,95%,99.70%,4000
Which graph is best for showing how a dataset is distributed over different intervals?,sshleifer/tiny-gpt2,tiny-variant,0,2,0.0161526594310998,0.0102729052305221,0.0078351059928536,-0.0314377695322036,Line Graph,Pie Chart,Histogram,Scatter Plot,4000
Which of the following describes a situation where the outcome of one event does not affect another?,sshleifer/tiny-gpt2,tiny-variant,2,2,-0.0167605187743902,-0.0106233851984143,-0.0080821178853511,0.0327527411282062,Mutually Exclusive Events,Dependent Events,Independent Events,Conditional Events,4000
What does an r-value (correlation coefficient) of 0 indicate?,sshleifer/tiny-gpt2,tiny-variant,2,2,-0.0230047032237052,-0.0145877646282315,-0.0111018829047679,0.0449307560920715,Strong positive correlation,Strong negative correlation,No correlation,Perfect correlation,4000
What is the purpose of a scatter plot?,sshleifer/tiny-gpt2,tiny-variant,0,0,-0.0166726298630237,-0.0105675868690013,-0.0080396141856908,0.0325813330709934,To show trends between two numerical variables,To compare parts of a whole,To display frequency distribution,To rank data values,4000
"In probability, what does P(A | B) represent?",sshleifer/tiny-gpt2,tiny-variant,1,1,-0.0223699454218149,-0.0141847627237439,-0.0107949078083038,0.0436927899718284,Probability of A and B occurring together,Probability of A occurring given B has occurred,Probability of B occurring given A has occurred,Probability of A occurring independently of B,4000
Which of the following is NOT a type of bias in data collection?,sshleifer/tiny-gpt2,tiny-variant,1,3,0.0239583924412727,0.0152286980301141,0.0116100572049617,-0.0466612689197063,Sampling Bias,Measurement Bias,Response Bias,Random Bias,4000
Which measure is best for comparing the spread of two different datasets with different units?,sshleifer/tiny-gpt2,tiny-variant,2,2,-0.0237883329391479,-0.0150852873921394,-0.0114808604121208,0.0464590713381767,Mean,Standard Deviation,Coefficient of Variation,Interquartile Range,4000
What does a confidence interval represent?,sshleifer/tiny-gpt2,tiny-variant,1,1,-0.0237763281911611,-0.0150776635855436,-0.0114750526845455,0.0464356541633605,The exact value of a population parameter,A range of values where a population parameter is likely to be,The probability of an event occurring,The difference between two means,4000
What happens to the shape of a sampling distribution as sample size increases?,sshleifer/tiny-gpt2,tiny-variant,0,2,-0.0180268101394176,-0.0114273466169834,-0.0086945164948701,0.035222377628088,It becomes more skewed,It becomes more spread out,It becomes closer to a normal distribution,It remains unchanged,4000
Which statistical test is used to determine if there is a significant relationship between two categorical variables?,sshleifer/tiny-gpt2,tiny-variant,2,2,-0.0222437884658575,-0.0141046680510044,-0.0107338977977633,0.0434467457234859,t-Test,Chi-Square Test,ANOVA,Regression Analysis,4000
"If a dataset has a mean of 50 and a standard deviation of 5, what is the z-score for a value of 60?",sshleifer/tiny-gpt2,tiny-variant,1,1,-0.022229379042983,-0.0140955196693539,-0.01072692964226,0.0434186421334743,1,2,3,4,4000
What type of sampling divides a population into subgroups and randomly selects individuals from each subgroup?,sshleifer/tiny-gpt2,tiny-variant,2,1,-0.0237307865172624,-0.0150487497448921,-0.011453028768301,0.0463468357920646,Simple Random Sampling,Stratified Sampling,Cluster Sampling,Systematic Sampling,4000
Which type of machine learning involves labeled data for training?,sshleifer/tiny-gpt2,tiny-variant,1,0,-0.0236174948513507,-0.0149768218398094,-0.0113982390612363,0.0461258888244628,Supervised Learning,Unsupervised Learning,Reinforcement Learning,Self-Supervised Learning,4000
Which of the following is an example of unsupervised learning?,sshleifer/tiny-gpt2,tiny-variant,0,1,-0.0167717598378658,-0.0106305247172713,-0.0080875568091869,0.0327746644616127,Logistic Regression,K-Means Clustering,Random Forest,Naive Bayes,4000
Which algorithm is best suited for classification tasks?,sshleifer/tiny-gpt2,tiny-variant,3,2,-0.0202430579811334,-0.0128344241529703,-0.0097663234919309,0.0395447164773941,K-Means,Linear Regression,Decision Tree,PCA,4000
What is the purpose of an activation function in a neural network?,sshleifer/tiny-gpt2,tiny-variant,1,1,-0.0222288258373737,-0.0140951685607433,-0.0107266614213585,0.043417565524578,To initialize weights,To add non-linearity,To increase computation speed,To normalize input data,4000
Which evaluation metric is most suitable for imbalanced classification problems?,sshleifer/tiny-gpt2,tiny-variant,0,2,0.0238693878054618,0.0151721900328993,0.0115670124068856,-0.0464876852929592,Accuracy,Precision,F1-Score,R-Squared,4000
Which algorithm is based on the concept of reward and punishment?,sshleifer/tiny-gpt2,tiny-variant,0,1,-0.0230079852044582,-0.0145898489281535,-0.0111034717410802,0.0449371598660945,Supervised Learning,Reinforcement Learning,Unsupervised Learning,Clustering,4000
Which of the following can help prevent overfitting?,sshleifer/tiny-gpt2,tiny-variant,3,3,0.0239584576338529,0.0152287408709526,0.0116100898012518,-0.0466613993048667,Using more training data,Reducing the number of features,Applying regularization,All of the above,4000
Which technique is used to reduce the dimensionality of data?,sshleifer/tiny-gpt2,tiny-variant,2,1,0.0239587109535932,0.0152289010584354,0.0116102118045091,-0.0466618873178958,Gradient Descent,Principal Component Analysis (PCA),Random Forest,Support Vector Machine,4000
What is the key difference between bagging and boosting?,sshleifer/tiny-gpt2,tiny-variant,0,0,-0.0237254612147808,-0.0150453690439462,-0.0114504536613821,0.0463364534080028,Bagging reduces variance while boosting reduces bias,Bagging reduces bias while boosting reduces variance,Bagging and boosting are identical,Boosting is used for unsupervised learning,4000
Which optimizer is commonly used for training deep learning models?,sshleifer/tiny-gpt2,tiny-variant,0,0,0.0188508555293083,0.0119859678670763,0.0091399885714054,-0.0367000550031662,Stochastic Gradient Descent (SGD),K-Means,Naive Bayes,Principal Component Analysis (PCA),4000
Which machine learning technique is used to generate synthetic data?,sshleifer/tiny-gpt2,tiny-variant,0,0,-0.0237296875566244,-0.0150480521842837,-0.0114524969831109,0.0463446900248527,GANs (Generative Adversarial Networks),K-Means Clustering,Decision Trees,Random Forests,4000
Which of the following is NOT a type of neural network architecture?,sshleifer/tiny-gpt2,tiny-variant,2,2,-0.0203126203268766,-0.0128785856068134,-0.0097999610006809,0.039680391550064,CNN,RNN,SVM,Transformer,4000
"What does the term ""epoch"" refer to in deep learning?",sshleifer/tiny-gpt2,tiny-variant,0,1,-0.0206076893955469,-0.0130659267306327,-0.0099426656961441,0.0402558483183383,The number of layers in a neural network,The number of times the model sees the entire dataset,The number of neurons in a layer,The time taken to train a model,4000
Which evaluation metric is best for regression models?,sshleifer/tiny-gpt2,tiny-variant,1,1,-0.0223533138632774,-0.0141742043197155,-0.010786865837872,0.0436603538691997,F1-Score,Mean Squared Error (MSE),Accuracy,AUC-ROC,4000
What is the primary purpose of a loss function in machine learning?,sshleifer/tiny-gpt2,tiny-variant,2,0,-0.0238051638007164,-0.0150959705933928,-0.0114889983087778,0.0464918911457061,To measure how well the model is performing,To optimize hyperparameters,To initialize neural network weights,To prevent overfitting,4000
Which method is used for hyperparameter tuning in machine learning?,sshleifer/tiny-gpt2,tiny-variant,0,0,-0.0237284377217292,-0.0150472586974501,-0.0114518925547599,0.0463422536849975,Grid Search,Dropout,Gradient Descent,Normalization,4000
Which of the following is an example of a non-parametric machine learning model?,sshleifer/tiny-gpt2,tiny-variant,2,2,-0.0180520769208669,-0.011443386785686,-0.0087067335844039,0.0352716594934463,Linear Regression,Support Vector Machine,K-Nearest Neighbors,Logistic Regression,4000
Which technique is commonly used for handling missing data in a dataset?,sshleifer/tiny-gpt2,tiny-variant,3,3,-0.0237758699804544,-0.0150773730129003,-0.0114748310297727,0.0464347675442695,Removing the missing data,Replacing missing values with mean or median,Using predictive modeling to estimate missing values,All of the above,4000
"What does the term ""bias-variance tradeoff"" refer to in machine learning?",sshleifer/tiny-gpt2,tiny-variant,0,0,-0.0239614527672529,-0.0151951983571052,-0.0115645816549658,0.0467967055737972,The balance between model complexity and performance,The process of tuning hyperparameters,The process of splitting data into training and testing sets,The method of optimizing activation functions,4000
Which of the following is true about convolutional neural networks (CNNs)?,sshleifer/tiny-gpt2,tiny-variant,0,0,-0.0226520206779241,-0.0143638513982295,-0.0109313242137432,0.0442429259419441,They are primarily used for image processing,They are only used for supervised learning,They cannot be used for time series data,They require labeled data to function,4000
Which component in a neural network helps prevent vanishing gradients?,sshleifer/tiny-gpt2,tiny-variant,2,0,-0.0237886644899845,-0.0150854969397187,-0.0114810187369585,0.0464597158133983,ReLU Activation Function,Mean Squared Error,Batch Normalization,L1 Regularization,4000
Which of the following is an ensemble learning method?,sshleifer/tiny-gpt2,tiny-variant,0,1,0.0161947794258594,0.010299646295607,0.0078554758802056,-0.0315199121832847,K-Means,Bagging,Gradient Descent,Naive Bayes,4000
What is the primary function of dropout in a neural network?,sshleifer/tiny-gpt2,tiny-variant,0,0,-0.0168095491826534,-0.0106545155867934,-0.0081058302894234,0.0328483656048774,To prevent overfitting,To increase model complexity,To speed up training,To increase the learning rate,4000
Which algorithm is used for anomaly detection?,sshleifer/tiny-gpt2,tiny-variant,1,1,-0.0202894955873489,-0.0128639042377471,-0.0097887776792049,0.0396352931857109,K-Means,DBSCAN,Linear Regression,Decision Tree,4000
